,athlete_id,athlete_name,year,school_name,rushing_yards,rushing_attempts,Rnd,Pick,Tm,Pos,Age,St,CarAV,DrAV,G,Cmp,Att,Yds,TD,Int,Att.1,Yds.1,TD.1,Rec,Yds.2,TD.2,Solo,Int.1,Sk,College/Univ,Unnamed: 28
0,530478,T.Sirk,2017,East Carolina,34.0,7.0,,,,,,,,,,,,,,,,,,,,,,,,,
1,534280,W.Ball,2017,Akron,67.0,24.0,,,,,,,,,,,,,,,,,,,,,,,,,
2,536119,B.El-Bakri,2017,BYU,20.0,6.0,,,,,,,,,,,,,,,,,,,,,,,,,
3,545221,P.Boehme,2017,Duke,15.0,2.0,,,,,,,,,,,,,,,,,,,,,,,,,
4,545228,D.Wilson,2017,Bowling Green,30.0,14.0,,,,,,,,,,,,,,,,,,,,,,,,,
5,545382,J.Lanning,2017,Iowa State,115.0,34.0,,,,,,,,,,,,,,,,,,,,,,,,,
6,545417,M.Cozart,2017,Boise State,84.0,19.0,,,,,,,,,,,,,,,,,,,,,,,,,
7,545423,A.Wadley,2017,Iowa,1139.0,258.0,,,,,,,,,,,,,,,,,,,,,,,,,
8,545472,C.Rhoda,2017,Minnesota,25.0,24.0,,,,,,,,,,,,,,,,,,,,,,,,,
9,545512,K.Hicks,2017,TCU,641.0,145.0,,,,,,,,,,,,,,,,,,,,,,,,,
10,545520,T.Johnson,2017,Oregon State,115.0,39.0,,,,,,,,,,,,,,,,,,,,,,,,,
11,545624,J.Barrett,2017,Ohio State,798.0,167.0,,,,,,,,,,,,,,,,,,,,,,,,,
12,545681,S.Tucker,2017,Middle Tennessee,22.0,3.0,,,,,,,,,,,,,,,,,,,,,,,,,
13,545683,B.Stockstill,2017,Middle Tennessee,21.0,21.0,,,,,,,,,,,,,,,,,,,,,,,,,
14,545762,S.Badie,2017,Tulane,24.0,3.0,,,,,,,,,,,,,,,,,,,,,,,,,
15,545910,L.Woodside,2017,Toledo,16.0,8.0,,,,,,,,,,,,,,,,,,,,,,,,,
16,545944,B.Cox,2017,Central Arkansas,41.0,3.0,,,,,,,,,,,,,,,,,,,,,,,,,
17,546068,K.Foster,2017,Illinois,266.0,73.0,,,,,,,,,,,,,,,,,,,,,,,,,
18,546102,D.Hoggins,2017,Louisiana,30.0,6.0,,,,,,,,,,,,,,,,,,,,,,,,,
19,546267,N.Stevens,2017,Colorado State,19.0,12.0,,,,,,,,,,,,,,,,,,,,,,,,,
20,546288,R.Finley,2017,NC State,173.0,68.0,,,,,,,,,,,,,,,,,,,,,,,,,
21,546332,J.Green,2017,Georgia Tech,198.0,23.0,,,,,,,,,,,,,,,,,,,,,,,,,
22,546420,T.Isaac,2017,Michigan,662.0,99.0,,,,,,,,,,,,,,,,,,,,,,,,,
23,546469,R.Burns,2017,Stanford,21.0,7.0,,,,,,,,,,,,,,,,,,,,,,,,,
24,546631,T.Dye,2017,East Carolina,102.0,25.0,,,,,,,,,,,,,,,,,,,,,,,,,
25,546651,R.Ibrahim,2017,Wisconsin,129.0,27.0,,,,,,,,,,,,,,,,,,,,,,,,,
26,546706,S.Morris,2017,Central Michigan,12.0,19.0,,,,,,,,,,,,,,,,,,,,,,,,,
27,546728,K.Hill,2017,Michigan,39.0,19.0,,,,,,,,,,,,,,,,,,,,,,,,,
28,546733,C.Acker,2017,Northwestern,36.0,4.0,,,,,,,,,,,,,,,,,,,,,,,,,
29,546734,M.Alviti,2017,Northwestern,88.0,4.0,,,,,,,,,,,,,,,,,,,,,,,,,
30,546764,X.Johnson,2017,South Alabama,69.0,16.0,,,,,,,,,,,,,,,,,,,,,,,,,
31,546794,R.Green,2017,Florida State,126.0,13.0,,,,,,,,,,,,,,,,,,,,,,,,,
32,546876,T.Williams,2017,Utah,75.0,40.0,,,,,,,,,,,,,,,,,,,,,,,,,
33,546910,J.Kraght,2017,Portland State,50.0,8.0,,,,,,,,,,,,,,,,,,,,,,,,,
34,547072,E.Harrell,2017,Morgan State,34.0,13.0,,,,,,,,,,,,,,,,,,,,,,,,,
35,547121,R.Tuiasoa,2017,Hawai'i,11.0,1.0,,,,,,,,,,,,,,,,,,,,,,,,,
36,547164,Q.Shanbour,2017,North Texas,12.0,1.0,,,,,,,,,,,,,,,,,,,,,,,,,
37,547172,D.Saint,2017,Hawai'i,154.0,27.0,,,,,,,,,,,,,,,,,,,,,,,,,
38,547206,A.Allen,2017,Arkansas,11.0,45.0,,,,,,,,,,,,,,,,,,,,,,,,,
39,547305,C.Mosley,2017,Liberty,122.0,28.0,,,,,,,,,,,,,,,,,,,,,,,,,
40,547362,D.Bridges,2017,Chattanooga,88.0,15.0,,,,,,,,,,,,,,,,,,,,,,,,,
41,547433,R.Wolpin,2017,Boise State,34.0,12.0,,,,,,,,,,,,,,,,,,,,,,,,,
42,547514,L.Booker,2017,Indiana State,76.0,15.0,,,,,,,,,,,,,,,,,,,,,,,,,
43,547542,J.Grant,2017,Rutgers,74.0,8.0,,,,,,,,,,,,,,,,,,,,,,,,,
44,547591,D.Andrews,2017,UCLA,49.0,4.0,,,,,,,,,,,,,,,,,,,,,,,,,
45,547616,E.Massington,2017,UCLA,39.0,1.0,,,,,,,,,,,,,,,,,,,,,,,,,
46,547854,J.Huff,2017,Northern Illinois,114.0,21.0,,,,,,,,,,,,,,,,,,,,,,,,,
47,548050,D.Hamm,2017,Virginia,99.0,30.0,,,,,,,,,,,,,,,,,,,,,,,,,
48,548091,J.Browning,2017,Northern Iowa,27.0,4.0,,,,,,,,,,,,,,,,,,,,,,,,,
49,548155,D.Williams,2017,Arkansas,721.0,127.0,7.0,226.0,DEN,RB,24.0,0.0,,,,,,,,,,,,,,,,,,Arkansas,College Stats
50,548255,C.Crowder,2017,Missouri State,124.0,11.0,,,,,,,,,,,,,,,,,,,,,,,,,
51,548337,C.Jackson,2017,The Citadel,27.0,10.0,,,,,,,,,,,,,,,,,,,,,,,,,
52,548447,T.Lamb,2017,Appalachian State,80.0,13.0,,,,,,,,,,,,,,,,,,,,,,,,,
53,548467,T.Upshaw,2017,Appalachian State,103.0,22.0,,,,,,,,,,,,,,,,,,,,,,,,,
54,548828,R.Mitchell,2017,Charleston Southern,11.0,3.0,,,,,,,,,,,,,,,,,,,,,,,,,
55,549120,H.Walker,2017,Morgan State,27.0,10.0,,,,,,,,,,,,,,,,,,,,,,,,,
56,549298,L.Ramsby,2017,Georgia Southern,141.0,29.0,,,,,,,,,,,,,,,,,,,,,,,,,
57,549308,D.Godfrey,2017,Georgia Southern,22.0,2.0,,,,,,,,,,,,,,,,,,,,,,,,,
58,549802,D.Tice,2017,South Florida,105.0,12.0,,,,,,,,,,,,,,,,,,,,,,,,,
59,549838,B.Scott,2017,Louisiana Tech,113.0,21.0,6.0,201.0,NOR,RB,23.0,0.0,0.0,,6.0,0.0,0.0,0.0,0.0,0.0,16.0,68.0,1.0,1.0,5.0,0.0,,,,Louisiana Tech,College Stats
60,549865,K.Hill,2017,TCU,300.0,102.0,,,,,,,,,,,,,,,,,,,,,,,,,
61,549947,D.Nichols,2017,NC State,37.0,8.0,,,,,,,,,,,,,,,,,,,,,,,,,
62,549956,B.Shirreffs,2017,Connecticut,113.0,29.0,,,,,,,,,,,,,,,,,,,,,,,,,
63,549984,R.Webb,2017,Vanderbilt,877.0,213.0,,,,,,,,,,,,,,,,,,,,,,,,,
64,550016,J.Wilkins,2017,Ole Miss,1049.0,166.0,5.0,169.0,IND,RB,24.0,0.0,3.0,3.0,25.0,0.0,0.0,0.0,0.0,0.0,87.0,501.0,1.0,20.0,112.0,0.0,,,,Mississippi,College Stats
65,550049,G.Edwards,2017,Rutgers,792.0,188.0,,,,,,,,,,,,,,,,,,,,,,,,,
66,550113,E.Brazley,2017,Ole Miss,12.0,6.0,,,,,,,,,,,,,,,,,,,,,,,,,
67,550169,D.Dawkins,2017,Colorado State,169.0,39.0,,,,,,,,,,,,,,,,,,,,,,,,,
68,550170,D.Etling,2017,LSU,108.0,66.0,,,,,,,,,,,,,,,,,,,,,,,,,
69,550228,T.McCormick,2017,Utah,60.0,10.0,,,,,,,,,,,,,,,,,,,,,,,,,
70,550277,P.Lindsay,2017,Colorado,1474.0,301.0,,,,,,,,,,,,,,,,,,,,,,,,,
71,550282,D.Ross,2017,Colorado,21.0,3.0,,,,,,,,,,,,,,,,,,,,,,,,,
72,550316,L.Coleman,2017,Washington,436.0,99.0,,,,,,,,,,,,,,,,,,,,,,,,,
73,550324,R.Kinne,2017,Washington,32.0,6.0,,,,,,,,,,,,,,,,,,,,,,,,,
74,550339,N.Holley,2017,Kent State,53.0,10.0,,,,,,,,,,,,,,,,,,,,,,,,,
75,550353,M.Morgan,2017,Akron,13.0,3.0,,,,,,,,,,,,,,,,,,,,,,,,,
76,550373,B.Mayfield,2017,Oklahoma,305.0,92.0,,,,,,,,,,,,,,,,,,,,,,,,,
77,550448,J.Ertz,2017,Kansas State,462.0,89.0,,,,,,,,,,,,,,,,,,,,,,,,,
78,550468,G.Holmes,2017,Michigan State,285.0,73.0,,,,,,,,,,,,,,,,,,,,,,,,,
79,550492,K.Ford,2017,Texas A&M,607.0,140.0,,,,,,,,,,,,,,,,,,,,,,,,,
80,550637,J.Morrow,2017,Washington State,522.0,86.0,,,,,,,,,,,,,,,,,,,,,,,,,
81,550647,G.Wicks,2017,Washington State,156.0,32.0,,,,,,,,,,,,,,,,,,,,,,,,,
82,550654,T.Tyner,2017,Oregon State,297.0,64.0,,,,,,,,,,,,,,,,,,,,,,,,,
83,550655,K.Benoit,2017,Oregon,578.0,81.0,,,,,,,,,,,,,,,,,,,,,,,,,
84,550667,M.Adkins,2017,Colorado,25.0,11.0,,,,,,,,,,,,,,,,,,,,,,,,,
85,550681,D.Brown,2017,Ohio,93.0,19.0,,,,,,,,,,,,,,,,,,,,,,,,,
86,550720,D.Garretson,2017,Oregon State,52.0,44.0,,,,,,,,,,,,,,,,,,,,,,,,,
87,550839,A.Ramesh,2017,Wisconsin,82.0,15.0,,,,,,,,,,,,,,,,,,,,,,,,,
88,551063,J.Chunn,2017,Troy,191.0,30.0,,,,,,,,,,,,,,,,,,,,,,,,,
89,551091,J.Badet,2017,Oklahoma,37.0,7.0,,,,,,,,,,,,,,,,,,,,,,,,,
90,551230,K.Palandech,2017,UNLV,23.0,2.0,,,,,,,,,,,,,,,,,,,,,,,,,
91,551293,R.Foster,2017,Alabama,12.0,1.0,,,,,,,,,,,,,,,,,,,,,,,,,
92,551351,T.Alie,2017,Oregon,41.0,9.0,,,,,,,,,,,,,,,,,,,,,,,,,
93,551567,R.Jeune,2017,Georgia Tech,30.0,1.0,,,,,,,,,,,,,,,,,,,,,,,,,
94,552022,Z.Green,2017,Arizona,310.0,65.0,,,,,,,,,,,,,,,,,,,,,,,,,
95,552028,J.Toland,2017,USC,13.0,4.0,,,,,,,,,,,,,,,,,,,,,,,,,
96,552097,A.Solomon,2017,Baylor,106.0,16.0,,,,,,,,,,,,,,,,,,,,,,,,,
97,553532,K.Postma,2017,Houston,52.0,4.0,,,,,,,,,,,,,,,,,,,,,,,,,
98,554528,N.Romine,2017,Air Force,12.0,1.0,,,,,,,,,,,,,,,,,,,,,,,,,
99,555674,M.D.,2017,Bethune-Cookman,43.0,12.0,,,,,,,,,,,,,,,,,,,,,,,,,
100,555829,L.Brihm,2017,Bethune-Cookman,15.0,5.0,,,,,,,,,,,,,,,,,,,,,,,,,
101,556538,L.McNitt,2017,Nebraska,12.0,7.0,,,,,,,,,,,,,,,,,,,,,,,,,
102,557707,O.Abercrombie,2017,Coastal Carolina,15.0,6.0,,,,,,,,,,,,,,,,,,,,,,,,,
103,557882,S.Johnson,2017,Kentucky,364.0,107.0,,,,,,,,,,,,,,,,,,,,,,,,,
104,558337,N.Fitzgerald,2017,Mississippi State,918.0,141.0,,,,,,,,,,,,,,,,,,,,,,,,,
105,559439,A.Wilcox,2017,Furman,14.0,7.0,,,,,,,,,,,,,,,,,,,,,,,,,
106,559498,K.Dirks,2017,Furman,34.0,7.0,,,,,,,,,,,,,,,,,,,,,,,,,
107,559556,W.Grier,2017,West Virginia,174.0,74.0,,,,,,,,,,,,,,,,,,,,,,,,,
108,559559,B.Powell,2017,Florida,20.0,6.0,,,,,,,,,,,,,,,,,,,,,,,,,
109,559594,D.Williams,2017,LSU,868.0,152.0,7.0,226.0,DEN,RB,24.0,0.0,,,,,,,,,,,,,,,,,,Arkansas,College Stats
110,559597,R.Gage,2017,LSU,228.0,28.0,,,,,,,,,,,,,,,,,,,,,,,,,
111,559613,D.Chark,2017,LSU,90.0,15.0,,,,,,,,,,,,,,,,,,,,,,,,,
112,559650,E.Staley,2017,Morgan State,19.0,3.0,,,,,,,,,,,,,,,,,,,,,,,,,
113,559654,A.Williams,2017,Mississippi State,922.0,202.0,,,,,,,,,,,,,,,,,,,,,,,,,
114,559656,D.Lee,2017,Mississippi State,64.0,16.0,,,,,,,,,,,,,,,,,,,,,,,,,
115,559728,D.Scott,2017,East Carolina,15.0,9.0,,,,,,,,,,,,,,,,,,,,,,,,,
116,559751,B.Harris,2017,North Carolina,91.0,39.0,,,,,,,,,,,,,,,,,,,,,,,,,
117,3115912,C.Crouch,2017,Illinois,88.0,54.0,,,,,,,,,,,,,,,,,,,,,,,,,
118,3116074,R.Smith,2017,Minnesota,1069.0,259.0,,,,,,,,,,,,,,,,,,,,,,,,,
119,3116087,A.Bush,2017,Virginia Tech,129.0,19.0,,,,,,,,,,,,,,,,,,,,,,,,,
120,3116096,N.Gates,2017,Nebraska,12.0,0.0,,,,,,,,,,,,,,,,,,,,,,,,,
121,3116127,M.Wilbon,2017,Nebraska,387.0,91.0,,,,,,,,,,,,,,,,,,,,,,,,,
122,3116129,A.Anderson,2017,Northwestern,23.0,6.0,,,,,,,,,,,,,,,,,,,,,,,,,
123,3116136,J.Jackson,2017,Northwestern,1172.0,262.0,7.0,251.0,LAC,RB,23.0,0.0,3.0,3.0,17.0,0.0,0.0,0.0,0.0,0.0,70.0,355.0,2.0,22.0,155.0,0.0,,,,Northwestern,College Stats
124,3116150,M.Allen,2017,Penn State,38.0,9.0,,,,,,,,,,,,,,,,,,,,,,,,,
125,3116172,T.McSorley,2017,Penn State,496.0,140.0,,,,,,,,,,,,,,,,,,,,,,,,,
126,3116188,D.Blough,2017,Purdue,116.0,54.0,,,,,,,,,,,,,,,,,,,,,,,,,
127,3116199,D.Knox,2017,Purdue,506.0,85.0,,,,,,,,,,,,,,,,,,,,,,,,,
128,3116204,G.Phillips,2017,Purdue,47.0,3.0,,,,,,,,,,,,,,,,,,,,,,,,,
129,3116375,D.Flowers,2017,Oklahoma,26.0,13.0,,,,,,,,,,,,,,,,,,,,,,,,,
130,3116407,M.Rudolph,2017,Oklahoma State,26.0,57.0,,,,,,,,,,,,,,,,,,,,,,,,,
131,3116420,G.Muehlstein,2017,TCU,23.0,4.0,,,,,,,,,,,,,,,,,,,,,,,,,
132,3116428,S.Nixon,2017,TCU,13.0,4.0,,,,,,,,,,,,,,,,,,,,,,,,,
133,3116560,N.Pierre,2017,Duke,26.0,11.0,,,,,,,,,,,,,,,,,,,,,,,,,
134,3116563,S.Wilson,2017,Duke,977.0,178.0,,,,,,,,,,,,,,,,,,,,,,,,,
135,3116614,M.Jordan,2017,Georgia Tech,59.0,16.0,,,,,,,,,,,,,,,,,,,,,,,,,
136,3116619,C.Leggett,2017,Mercer,46.0,18.0,,,,,,,,,,,,,,,,,,,,,,,,,
137,3116623,C.Lynch,2017,Georgia Tech,223.0,32.0,,,,,,,,,,,,,,,,,,,,,,,,,
138,3116631,Q.Searcy,2017,Georgia Tech,259.0,48.0,,,,,,,,,,,,,,,,,,,,,,,,,
139,3116642,R.Bonnafon,2017,Louisville,542.0,101.0,,,,,,,,,,,,,,,,,,,,,,,,,
140,3116648,L.Scott,2017,Eastern Kentucky,40.0,9.0,,,,,,,,,,,,,,,,,,,,,,,,,
141,3116715,J.McClendon,2017,NC State,67.0,6.0,,,,,,,,,,,,,,,,,,,,,,,,,
142,3116721,J.Samuels,2017,NC State,396.0,73.0,,,,,,,,,,,,,,,,,,,,,,,,,
143,3117080,A.Lakes,2017,Mercer,35.0,13.0,,,,,,,,,,,,,,,,,,,,,,,,,
144,3117131,D.Newsome,2017,Western Carolina,107.0,26.0,,,,,,,,,,,,,,,,,,,,,,,,,
145,3117894,T.Jefferson,2017,Delaware,27.0,13.0,,,,,,,,,,,,,,,,,,,,,,,,,
146,3117898,K.Williams,2017,Delaware,25.0,7.0,,,,,,,,,,,,,,,,,,,,,,,,,
147,3118464,J.Keys,2017,Indiana State,30.0,10.0,,,,,,,,,,,,,,,,,,,,,,,,,
148,3119431,K.Studsrud,2017,North Dakota,16.0,7.0,,,,,,,,,,,,,,,,,,,,,,,,,
149,3121083,J.Knipp,2017,Northern Colorado,14.0,6.0,,,,,,,,,,,,,,,,,,,,,,,,,
150,3121096,T.Riek,2017,Northern Colorado,59.0,17.0,,,,,,,,,,,,,,,,,,,,,,,,,
151,3121291,B.Cheek,2017,Presbyterian College,13.0,22.0,,,,,,,,,,,,,,,,,,,,,,,,,
152,3121398,D.Pierson-El,2017,Nebraska,32.0,4.0,,,,,,,,,,,,,,,,,,,,,,,,,
153,3121410,P.Campbell,2017,Ohio State,90.0,7.0,,,,,,,,,,,,,,,,,,,,,,,,,
154,3121554,C.Kinlaw,2017,South Carolina,47.0,4.0,,,,,,,,,,,,,,,,,,,,,,,,,
155,3121564,D.Tindal,2017,Wisconsin,14.0,2.0,,,,,,,,,,,,,,,,,,,,,,,,,
156,3121583,R.Thomas,2017,Jacksonville State,86.0,18.0,,,,,,,,,,,,,,,,,,,,,,,,,
157,3121597,K.Pettway,2017,Auburn,379.0,98.0,,,,,,,,,,,,,,,,,,,,,,,,,
158,3122114,T.Walters,2017,Alabama A&M,17.0,12.0,,,,,,,,,,,,,,,,,,,,,,,,,
159,3122119,I.Witter,2017,Missouri,1017.0,178.0,,,,,,,,,,,,,,,,,,,,,,,,,
160,3122154,K.Blasingame,2017,Vanderbilt,154.0,50.0,,,,,,,,,,,,,,,,,,,,,,,,,
161,3122166,D.Rivers,2017,Vanderbilt,78.0,24.0,,,,,,,,,,,,,,,,,,,,,,,,,
162,3122168,T.Sherfield,2017,Vanderbilt,92.0,8.0,,,,,,,,,,,,,,,,,,,,,,,,,
163,3122424,T.Cornelius,2017,Oklahoma State,75.0,7.0,,,,,,,,,,,,,,,,,,,,,,,,,
164,3122430,C.Lacy,2017,Oklahoma State,26.0,1.0,,,,,,,,,,,,,,,,,,,,,,,,,
165,3122449,J.Washington,2017,Oklahoma State,12.0,3.0,,,,,,,,,,,,,,,,,,,,,,,,,
166,3122553,T.Johnson,2017,Arizona,89.0,6.0,,,,,,,,,,,,,,,,,,,,,,,,,
167,3122611,T.Gangi,2017,Nevada,16.0,4.0,,,,,,,,,,,,,,,,,,,,,,,,,
168,3122667,C.Nelson,2017,Oregon,31.0,12.0,,,,,,,,,,,,,,,,,,,,,,,,,
169,3122672,R.Freeman,2017,Oregon,1628.0,273.0,3.0,71.0,DEN,RB,22.0,1.0,3.0,3.0,23.0,0.0,0.0,0.0,0.0,0.0,223.0,895.0,7.0,41.0,253.0,0.0,,,,Oregon,College Stats
170,3122708,T.Rodriguez,2017,Marshall,20.0,11.0,,,,,,,,,,,,,,,,,,,,,,,,,
171,3122716,G.Howell,2017,Florida Atlantic,23.0,3.0,,,,,,,,,,,,,,,,,,,,,,,,,
172,3122757,J.Craft,2017,Louisiana Tech,129.0,32.0,,,,,,,,,,,,,,,,,,,,,,,,,
173,3122799,J.Hilliman,2017,Boston College,622.0,163.0,,,,,,,,,,,,,,,,,,,,,,,,,
174,3122817,T.Smith,2017,Boston College,287.0,35.0,,,,,,,,,,,,,,,,,,,,,,,,,
175,3122842,A.Choice,2017,Clemson,368.0,76.0,,,,,,,,,,,,,,,,,,,,,,,,,
176,3122851,T.Hearn,2017,Clemson,12.0,0.0,,,,,,,,,,,,,,,,,,,,,,,,,
177,3122856,C.Fuller,2017,Clemson,246.0,67.0,,,,,,,,,,,,,,,,,,,,,,,,,
178,3122899,R.James,2017,Middle Tennessee,39.0,5.0,,,,,,,,,,,,,,,,,,,,,,,,,
179,3122976,J.Wilson,2017,North Texas,95.0,12.0,,,,,,,,,,,,,,,,,,,,,,,,,
180,3123047,M.Rosier,2017,Miami,427.0,122.0,,,,,,,,,,,,,,,,,,,,,,,,,
181,3123675,J.Moore,2017,Appalachian State,65.0,29.0,,,,,,,,,,,,,,,,,,,,,,,,,
182,3123746,M.Garrett,2017,Georgia Southern,21.0,1.0,,,,,,,,,,,,,,,,,,,,,,,,,
183,3123856,S.Stewart,2017,Rice,71.0,15.0,,,,,,,,,,,,,,,,,,,,,,,,,
184,3123857,A.Walter,2017,Rice,84.0,9.0,,,,,,,,,,,,,,,,,,,,,,,,,
185,3123936,C.James,2017,Wisconsin,223.0,44.0,,,,,,,,,,,,,,,,,,,,,,,,,
186,3123944,Q.Ollison,2017,Pittsburgh,500.0,112.0,,,,,,,,,,,,,,,,,,,,,,,,,
187,3123969,I.Smith,2017,Southern Mississippi,88.0,36.0,4.0,126.0,ATL,RB,22.0,0.0,3.0,3.0,21.0,0.0,0.0,0.0,0.0,0.0,112.0,421.0,5.0,38.0,239.0,0.0,,,,Southern Miss,College Stats
188,3123996,E.Philips,2017,Syracuse,84.0,12.0,,,,,,,,,,,,,,,,,,,,,,,,,
189,3124022,J.Ellis,2017,Virginia,843.0,218.0,,,,,,,,,,,,,,,,,,,,,,,,,
190,3124037,D.Sturm,2017,UT San Antonio,98.0,12.0,,,,,,,,,,,,,,,,,,,,,,,,,
191,3124043,T.Clay,2017,UT San Antonio,25.0,9.0,,,,,,,,,,,,,,,,,,,,,,,,,
192,3124046,J.Rhodes,2017,UT San Antonio,103.0,20.0,,,,,,,,,,,,,,,,,,,,,,,,,
193,3124074,T.McMillian,2017,Virginia Tech,473.0,113.0,,,,,,,,,,,,,,,,,,,,,,,,,
194,3124092,J.Wolford,2017,Wake Forest,615.0,125.0,,,,,,,,,,,,,,,,,,,,,,,,,
195,3124095,I.Robinson,2017,Wake Forest,82.0,22.0,,,,,,,,,,,,,,,,,,,,,,,,,
196,3124518,D.Thompson,2017,Kansas,86.0,28.0,,,,,,,,,,,,,,,,,,,,,,,,,
197,3124529,K.Anderson,2017,Coastal Carolina,37.0,7.0,,,,,,,,,,,,,,,,,,,,,,,,,
198,3124608,J.Butler,2017,Iowa,401.0,91.0,,,,,,,,,,,,,,,,,,,,,,,,,
199,3124645,B.Wright,2017,Nevada,37.0,5.0,,,,,,,,,,,,,,,,,,,,,,,,,
200,3124664,T.Owens,2017,New Mexico,58.0,18.0,,,,,,,,,,,,,,,,,,,,,,,,,
201,3124795,D.Ferby,2017,Western Kentucky,33.0,19.0,,,,,,,,,,,,,,,,,,,,,,,,,
202,3124828,T.Williams,2017,Baylor,255.0,73.0,,,,,,,,,,,,,,,,,,,,,,,,,
203,3124878,G.Drakeford,2017,The Citadel,46.0,7.0,,,,,,,,,,,,,,,,,,,,,,,,,
204,3124888,A.Duckworth,2017,Idaho,74.0,13.0,,,,,,,,,,,,,,,,,,,,,,,,,
205,3124900,J.Luton,2017,Oregon State,32.0,24.0,,,,,,,,,,,,,,,,,,,,,,,,,
206,3124907,I.Saunders,2017,Idaho,13.0,9.0,,,,,,,,,,,,,,,,,,,,,,,,,
207,3124912,J.Davis,2017,Louisiana,56.0,12.0,,,,,,,,,,,,,,,,,,,,,,,,,
208,3124979,L.Rose,2017,New Mexico State,85.0,21.0,,,,,,,,,,,,,,,,,,,,,,,,,
209,3125062,W.Dimel,2017,Kansas State,63.0,15.0,,,,,,,,,,,,,,,,,,,,,,,,,
210,3125084,J.Silmon,2017,Kansas State,253.0,44.0,,,,,,,,,,,,,,,,,,,,,,,,,
211,3125087,D.Warmack,2017,Kansas State,249.0,47.0,,,,,,,,,,,,,,,,,,,,,,,,,
212,3125112,D.Catalon,2017,Houston,119.0,31.0,,,,,,,,,,,,,,,,,,,,,,,,,
213,3125115,A.Foreman,2017,Texas,23.0,5.0,,,,,,,,,,,,,,,,,,,,,,,,,
214,3125121,J.Heard,2017,Texas,73.0,22.0,,,,,,,,,,,,,,,,,,,,,,,,,
215,3125260,D.Moore,2017,South Alabama,24.0,4.0,,,,,,,,,,,,,,,,,,,,,,,,,
216,3125353,K.Myers,2017,Utah State,15.0,10.0,,,,,,,,,,,,,,,,,,,,,,,,,
217,3125361,L.Hunt,2017,Utah State,32.0,17.0,,,,,,,,,,,,,,,,,,,,,,,,,
218,3125368,J.Hervey,2017,Utah State,14.0,3.0,,,,,,,,,,,,,,,,,,,,,,,,,
219,3125801,D.Spalding,2017,Central Michigan,31.0,14.0,,,,,,,,,,,,,,,,,,,,,,,,,
220,3125813,H.Moore,2017,Cincinnati,29.0,10.0,,,,,,,,,,,,,,,,,,,,,,,,,
221,3125830,I.Eriksen,2017,Eastern Michigan,48.0,21.0,,,,,,,,,,,,,,,,,,,,,,,,,
222,3125833,S.Vann,2017,Eastern Michigan,67.0,16.0,,,,,,,,,,,,,,,,,,,,,,,,,
223,3125837,B.Banham,2017,Eastern Michigan,15.0,6.0,,,,,,,,,,,,,,,,,,,,,,,,,
224,3125907,A.Newsome,2017,Connecticut,23.0,8.0,,,,,,,,,,,,,,,,,,,,,,,,,
225,3125917,J.Thompson,2017,Connecticut,19.0,4.0,,,,,,,,,,,,,,,,,,,,,,,,,
226,3126013,R.Graham,2017,Northern Illinois,99.0,12.0,,,,,,,,,,,,,,,,,,,,,,,,,
227,3126072,A.Ouellette,2017,Ohio,140.0,21.0,,,,,,,,,,,,,,,,,,,,,,,,,
228,3126113,T.Swanson,2017,Toledo,79.0,20.0,,,,,,,,,,,,,,,,,,,,,,,,,
229,3126246,D.Hilliard,2017,Tulane,104.0,19.0,,,,,,,,,,,,,,,,,,,,,,,,,
230,3126273,D.Brewer,2017,Tulsa,33.0,22.0,,,,,,,,,,,,,,,,,,,,,,,,,
231,3126329,G.Johnson,2017,Kentucky,12.0,2.0,,,,,,,,,,,,,,,,,,,,,,,,,
232,3126345,R.Clark,2017,Alabama,107.0,21.0,,,,,,,,,,,,,,,,,,,,,,,,,
233,3126367,B.Scarbrough,2017,Alabama,589.0,123.0,7.0,236.0,DAL,RB,21.0,0.0,,,,,,,,,,,,,,,,,,Alabama,College Stats
234,3126486,D.Samuel,2017,South Carolina,35.0,3.0,,,,,,,,,,,,,,,,,,,,,,,,,
235,3127026,B.Horn,2017,Jacksonville State,27.0,18.0,,,,,,,,,,,,,,,,,,,,,,,,,
236,3127200,T.Watson,2017,California,135.0,28.0,,,,,,,,,,,,,,,,,,,,,,,,,
237,3127207,V.Enwere,2017,California,493.0,131.0,,,,,,,,,,,,,,,,,,,,,,,,,
238,3127211,P.Laird,2017,California,1214.0,216.0,,,,,,,,,,,,,,,,,,,,,,,,,
239,3127262,S.Canada,2017,BYU,20.0,9.0,,,,,,,,,,,,,,,,,,,,,,,,,
240,3127269,K.Harrington,2017,Washington State,23.0,6.0,,,,,,,,,,,,,,,,,,,,,,,,,
241,3127306,D.Pettis,2017,Washington,50.0,3.0,,,,,,,,,,,,,,,,,,,,,,,,,
242,3127332,M.McMaryion,2017,Fresno State,38.0,6.0,,,,,,,,,,,,,,,,,,,,,,,,,
243,3127335,R.Nall,2017,Oregon State,841.0,172.0,,,,,,,,,,,,,,,,,,,,,,,,,
244,3127369,J.Hicks,2017,Rutgers,80.0,13.0,,,,,,,,,,,,,,,,,,,,,,,,,
245,3127374,R.Martin,2017,Rutgers,507.0,113.0,,,,,,,,,,,,,,,,,,,,,,,,,
246,3127375,G.Rescigno,2017,Rutgers,135.0,52.0,,,,,,,,,,,,,,,,,,,,,,,,,
247,3127594,C.Young,2017,Northern Arizona,115.0,11.0,,,,,,,,,,,,,,,,,,,,,,,,,
248,3128359,C.Platt,2017,Baylor,35.0,5.0,,,,,,,,,,,,,,,,,,,,,,,,,
249,3128401,M.Warren,2017,Iowa State,120.0,38.0,,,,,,,,,,,,,,,,,,,,,,,,,
250,3128710,C.Payne,2017,Georgia,18.0,5.0,,,,,,,,,,,,,,,,,,,,,,,,,
251,3128720,N.Chubb,2017,Georgia,1228.0,203.0,2.0,35.0,CLE,RB,22.0,2.0,6.0,6.0,26.0,0.0,0.0,0.0,0.0,0.0,393.0,2007.0,14.0,47.0,315.0,2.0,2.0,,,Georgia,College Stats
252,3128721,S.Michel,2017,Georgia,1033.0,144.0,1.0,31.0,NWE,RB,23.0,2.0,7.0,7.0,22.0,0.0,0.0,0.0,0.0,0.0,353.0,1413.0,12.0,14.0,113.0,0.0,,,,Georgia,College Stats
253,3128748,D.Buford,2017,Ole Miss,28.0,8.0,,,,,,,,,,,,,,,,,,,,,,,,,
254,3128774,K.Ballage,2017,Arizona State,713.0,169.0,4.0,131.0,MIA,RB,22.0,0.0,2.0,2.0,21.0,0.0,0.0,0.0,0.0,0.0,91.0,304.0,3.0,17.0,98.0,0.0,3.0,,,Arizona St.,College Stats
255,3128800,D.Richard,2017,Arizona State,1030.0,200.0,,,,,,,,,,,,,,,,,,,,,,,,,
256,3128814,M.Wilkins,2017,Arizona State,294.0,140.0,,,,,,,,,,,,,,,,,,,,,,,,,
257,3129089,A.Bradshaw,2017,Army,146.0,39.0,,,,,,,,,,,,,,,,,,,,,,,,,
258,3129224,T.Parks,2017,Southern Mississippi,28.0,5.0,,,,,,,,,,,,,,,,,,,,,,,,,
259,3129453,J.Franklin,2017,Western Michigan,76.0,18.0,,,,,,,,,,,,,,,,,,,,,,,,,
260,3129454,J.Bogan,2017,Western Michigan,107.0,26.0,,,,,,,,,,,,,,,,,,,,,,,,,
261,3131432,D.May,2017,Alabama A&M,27.0,6.0,,,,,,,,,,,,,,,,,,,,,,,,,
262,3133184,C.Nelson,2017,Wofford,20.0,3.0,,,,,,,,,,,,,,,,,,,,,,,,,
263,3133993,B.Dawkins,2017,Arizona,459.0,69.0,,,,,,,,,,,,,,,,,,,,,,,,,
264,3133996,T.Ellison,2017,Arizona,36.0,3.0,,,,,,,,,,,,,,,,,,,,,,,,,
265,3134012,N.Wilson,2017,Arizona,585.0,120.0,,,,,,,,,,,,,,,,,,,,,,,,,
266,3134305,N.Starks,2017,UCLA,46.0,10.0,,,,,,,,,,,,,,,,,,,,,,,,,
267,3134678,M.London,2017,Michigan State,287.0,79.0,,,,,,,,,,,,,,,,,,,,,,,,,
268,3135736,T.Gray,2017,Miami,42.0,7.0,,,,,,,,,,,,,,,,,,,,,,,,,
269,3138827,K.Fonua,2017,BYU,28.0,11.0,,,,,,,,,,,,,,,,,,,,,,,,,
270,3139033,M.Boone,2017,Cincinnati,44.0,12.0,,,,,,,,,,,,,,,,,,,,,,,,,
271,3139456,C.Batson,2017,Texas Tech,19.0,5.0,,,,,,,,,,,,,,,,,,,,,,,,,
272,3139464,D.Felton,2017,Texas Tech,102.0,22.0,,,,,,,,,,,,,,,,,,,,,,,,,
273,3139481,M.Reed,2017,Texas Tech,25.0,7.0,,,,,,,,,,,,,,,,,,,,,,,,,
274,3139485,J.Stockton,2017,Texas Tech,741.0,126.0,,,,,,,,,,,,,,,,,,,,,,,,,
275,3139530,B.Simmons,2017,Old Dominion,20.0,6.0,,,,,,,,,,,,,,,,,,,,,,,,,
276,3139591,Q.Flowers,2017,South Florida,106.0,25.0,,,,,,,,,,,,,,,,,,,,,,,,,
277,3139602,D.Johnson,2017,South Florida,101.0,17.0,,,,,,,,,,,,,,,,,,,,,,,,,
278,3139669,R.Malone,2017,Louisiana,54.0,2.0,,,,,,,,,,,,,,,,,,,,,,,,,
279,3139889,H.Klugh,2017,Charlotte,33.0,10.0,,,,,,,,,,,,,,,,,,,,,,,,,
280,3139925,R.Penny,2017,San Diego State,391.0,50.0,1.0,27.0,SEA,RB,22.0,0.0,4.0,4.0,21.0,0.0,0.0,0.0,0.0,0.0,121.0,586.0,3.0,12.0,109.0,0.0,,,,San Diego St.,College Stats
281,3139982,T.Lindsey,2017,Utah State,28.0,6.0,,,,,,,,,,,,,,,,,,,,,,,,,
282,3140633,C.Pabico,2017,UCLA,25.0,2.0,,,,,,,,,,,,,,,,,,,,,,,,,
283,3145138,T.Mitchell,2017,Mercer,87.0,28.0,,,,,,,,,,,,,,,,,,,,,,,,,
284,3675701,J.Lewis,2017,Eastern Kentucky,23.0,4.0,,,,,,,,,,,,,,,,,,,,,,,,,
285,3676833,K.Turpin,2017,TCU,93.0,10.0,,,,,,,,,,,,,,,,,,,,,,,,,
286,3693033,J.Patrick,2017,Florida State,771.0,139.0,,,,,,,,,,,,,,,,,,,,,,,,,
287,3699935,D.Ozigbo,2017,Nebraska,493.0,129.0,,,,,,,,,,,,,,,,,,,,,,,,,
288,3700815,K.Hinton,2017,Wake Forest,190.0,46.0,,,,,,,,,,,,,,,,,,,,,,,,,
289,3701017,R.Gallaspy,2017,NC State,463.0,118.0,,,,,,,,,,,,,,,,,,,,,,,,,
290,3705353,R.Anderson,2017,Oklahoma,970.0,165.0,,,,,,,,,,,,,,,,,,,,,,,,,
291,3728240,K.Bryant,2017,Clemson,731.0,202.0,,,,,,,,,,,,,,,,,,,,,,,,,
292,3728262,R.McCloud,2017,Clemson,52.0,8.0,,,,,,,,,,,,,,,,,,,,,,,,,
293,3728275,S.Brooks,2017,Minnesota,460.0,96.0,,,,,,,,,,,,,,,,,,,,,,,,,
294,3728285,D.Croft,2017,Minnesota,373.0,81.0,,,,,,,,,,,,,,,,,,,,,,,,,
295,3728291,J.Femi-Cole,2017,Minnesota,42.0,9.0,,,,,,,,,,,,,,,,,,,,,,,,,
296,3734940,Q.Weimerskirch,2017,Georgia Tech,80.0,18.0,,,,,,,,,,,,,,,,,,,,,,,,,
297,3791110,T.Stevens,2017,Penn State,190.0,27.0,,,,,,,,,,,,,,,,,,,,,,,,,
298,3791143,M.Jones,2017,Purdue,480.0,92.0,,,,,,,,,,,,,,,,,,,,,,,,,
299,3843406,N.Brossette,2017,LSU,99.0,20.0,,,,,,,,,,,,,,,,,,,,,,,,,
300,3843469,D.Dillon,2017,LSU,98.0,15.0,,,,,,,,,,,,,,,,,,,,,,,,,
301,3843750,D.Guice,2017,LSU,1167.0,224.0,2.0,59.0,WAS,RB,21.0,0.0,0.0,0.0,1.0,0.0,0.0,0.0,0.0,0.0,10.0,18.0,0.0,3.0,20.0,0.0,,,,LSU,College Stats
302,3858264,A.Rodriguez,2017,Indiana,65.0,16.0,,,,,,,,,,,,,,,,,,,,,,,,,
303,3858265,R.Brookins,2017,Indiana,88.0,11.0,,,,,,,,,,,,,,,,,,,,,,,,,
304,3860070,S.Collins,2017,Oregon State,14.0,5.0,,,,,,,,,,,,,,,,,,,,,,,,,
305,3862133,D.Brown,2017,Illinois,138.0,31.0,,,,,,,,,,,,,,,,,,,,,,,,,
306,3871874,S.Peoples,2017,Virginia Tech,250.0,73.0,,,,,,,,,,,,,,,,,,,,,,,,,
307,3881270,R.Schadler,2017,Kansas,20.0,5.0,,,,,,,,,,,,,,,,,,,,,,,,,
308,3882916,A.Lee,2017,Montana,17.0,5.0,,,,,,,,,,,,,,,,,,,,,,,,,
309,3884368,J.Williams,2017,Washington State,381.0,89.0,,,,,,,,,,,,,,,,,,,,,,,,,
310,3886565,Q.Dormady,2017,Tennessee,26.0,13.0,,,,,,,,,,,,,,,,,,,,,,,,,
311,3886634,A.Delton,2017,Kansas State,342.0,80.0,,,,,,,,,,,,,,,,,,,,,,,,,
312,3886636,A.Barnes,2017,Kansas State,736.0,142.0,,,,,,,,,,,,,,,,,,,,,,,,,
313,3886812,J.Browning,2017,Washington,25.0,50.0,,,,,,,,,,,,,,,,,,,,,,,,,
314,3886818,M.Gaskin,2017,Washington,1341.0,215.0,,,,,,,,,,,,,,,,,,,,,,,,,
315,3886835,T.Griffin,2017,Oregon,95.0,18.0,,,,,,,,,,,,,,,,,,,,,,,,,
316,3886841,T.Brooks-James,2017,Oregon,492.0,92.0,,,,,,,,,,,,,,,,,,,,,,,,,
317,3892775,J.Stidham,2017,Auburn,136.0,109.0,,,,,,,,,,,,,,,,,,,,,,,,,
318,3892833,Z.Mahoney,2017,Syracuse,44.0,15.0,,,,,,,,,,,,,,,,,,,,,,,,,
319,3893625,N.Ralston,2017,Arizona State,22.0,4.0,,,,,,,,,,,,,,,,,,,,,,,,,
320,3894912,T.Johnson,2017,Oklahoma State,14.0,2.0,,,,,,,,,,,,,,,,,,,,,,,,,
321,3895431,T.Samuel,2017,Louisville,46.0,4.0,,,,,,,,,,,,,,,,,,,,,,,,,
322,3895433,J.Smith,2017,Louisville,16.0,10.0,,,,,,,,,,,,,,,,,,,,,,,,,
323,3895785,B.Dinucci,2017,Pittsburgh,152.0,67.0,,,,,,,,,,,,,,,,,,,,,,,,,
324,3895788,D.Hall,2017,Pittsburgh,648.0,134.0,,,,,,,,,,,,,,,,,,,,,,,,,
325,3895789,Q.Henderson,2017,Pittsburgh,245.0,39.0,,,,,,,,,,,,,,,,,,,,,,,,,
326,3895798,J.Whitehead,2017,Pittsburgh,142.0,22.0,,,,,,,,,,,,,,,,,,,,,,,,,
327,3895827,T.Williams,2017,South Carolina,513.0,105.0,,,,,,,,,,,,,,,,,,,,,,,,,
328,3895838,N.Elliott,2017,North Carolina,134.0,47.0,,,,,,,,,,,,,,,,,,,,,,,,,
329,3895844,J.Sutton,2017,North Carolina,81.0,14.0,,,,,,,,,,,,,,,,,,,,,,,,,
330,3895856,C.Kirk,2017,Texas A&M,26.0,5.0,,,,,,,,,,,,,,,,,,,,,,,,,
331,3908538,J.Randall,2017,Missouri State,14.0,4.0,,,,,,,,,,,,,,,,,,,,,,,,,
332,3908966,N.Shuler,2017,Charleston Southern,14.0,8.0,,,,,,,,,,,,,,,,,,,,,,,,,
333,3908976,T.Allen,2017,Northern Iowa,87.0,12.0,,,,,,,,,,,,,,,,,,,,,,,,,
334,3909027,T.McCaster,2017,Youngstown State,73.0,19.0,,,,,,,,,,,,,,,,,,,,,,,,,
335,3910334,S.McPherson,2017,Eastern Washington,57.0,13.0,,,,,,,,,,,,,,,,,,,,,,,,,
336,3910372,J.Calhoun,2017,Montana,42.0,18.0,,,,,,,,,,,,,,,,,,,,,,,,,
337,3910404,F.Hickson,2017,Liberty,17.0,8.0,,,,,,,,,,,,,,,,,,,,,,,,,
338,3910492,T.Garrett,2017,Weber State,18.0,3.0,,,,,,,,,,,,,,,,,,,,,,,,,
339,3910499,T.Prince,2017,Weber State,11.0,2.0,,,,,,,,,,,,,,,,,,,,,,,,,
340,3910622,Z.Summers,2017,Portland State,106.0,18.0,,,,,,,,,,,,,,,,,,,,,,,,,
341,3911524,T.Luke,2017,Furman,50.0,4.0,,,,,,,,,,,,,,,,,,,,,,,,,
342,3911636,T.Adams,2017,Western Carolina,49.0,8.0,,,,,,,,,,,,,,,,,,,,,,,,,
343,3912052,J.Walker,2017,Delaware,26.0,16.0,,,,,,,,,,,,,,,,,,,,,,,,,
344,3912179,B.Britt,2017,William & Mary,11.0,6.0,,,,,,,,,,,,,,,,,,,,,,,,,
345,3912188,T.McKee,2017,William & Mary,89.0,15.0,,,,,,,,,,,,,,,,,,,,,,,,,
346,3912547,S.Darnold,2017,USC,88.0,70.0,,,,,,,,,,,,,,,,,,,,,,,,,
347,3912550,R.Jones,2017,USC,1533.0,260.0,2.0,38.0,TAM,RB,21.0,0.0,0.0,0.0,18.0,0.0,0.0,0.0,0.0,0.0,126.0,454.0,5.0,23.0,234.0,0.0,1.0,,,USC,College Stats
348,3912551,A.Ware,2017,USC,238.0,46.0,,,,,,,,,,,,,,,,,,,,,,,,,
349,3912571,K.Fulks,2017,Utah,29.0,5.0,,,,,,,,,,,,,,,,,,,,,,,,,
350,3912984,L.McAfee,2017,Wofford,49.0,9.0,,,,,,,,,,,,,,,,,,,,,,,,,
351,3912997,A.Stoddard,2017,Wofford,33.0,11.0,,,,,,,,,,,,,,,,,,,,,,,,,
352,3914267,T.McGowan,2017,UCF,33.0,12.0,,,,,,,,,,,,,,,,,,,,,,,,,
353,3914324,M.Young,2017,UMass,167.0,25.0,,,,,,,,,,,,,,,,,,,,,,,,,
354,3914328,A.Isabella,2017,UMass,49.0,3.0,,,,,,,,,,,,,,,,,,,,,,,,,
355,3914369,J.Dancy,2017,Louisiana Tech,45.0,7.0,,,,,,,,,,,,,,,,,,,,,,,,,
356,3914399,M.Domer,2017,Bowling Green,46.0,8.0,,,,,,,,,,,,,,,,,,,,,,,,,
357,3914534,J.Cox,2017,Old Dominion,58.0,26.0,,,,,,,,,,,,,,,,,,,,,,,,,
358,3914541,G.Jackson,2017,Old Dominion,11.0,3.0,,,,,,,,,,,,,,,,,,,,,,,,,
359,3914811,M.Broady,2017,Nevada,17.0,4.0,,,,,,,,,,,,,,,,,,,,,,,,,
360,3914826,K.Moore,2017,Nevada,49.0,12.0,,,,,,,,,,,,,,,,,,,,,,,,,
361,3915247,S.King,2017,Kentucky,335.0,74.0,,,,,,,,,,,,,,,,,,,,,,,,,
362,3915267,W.Matthews,2017,Kent State,24.0,12.0,,,,,,,,,,,,,,,,,,,,,,,,,
363,3915381,J.Kelly,2017,Tennessee,906.0,208.0,6.0,176.0,LAR,RB,21.0,0.0,1.0,1.0,7.0,0.0,0.0,0.0,0.0,0.0,30.0,83.0,0.0,2.0,27.0,0.0,,,,Tennessee,College Stats
364,3915411,T.Johnson,2017,Maryland,1007.0,149.0,,,,,,,,,,,,,,,,,,,,,,,,,
365,3915416,D.Moore,2017,Maryland,61.0,5.0,,,,,,,,,,,,,,,,,,,,,,,,,
366,3915436,S.Montez,2017,Colorado,338.0,132.0,,,,,,,,,,,,,,,,,,,,,,,,,
367,3915449,T.Thomason,2017,Clemson,37.0,5.0,,,,,,,,,,,,,,,,,,,,,,,,,
368,3915457,M.Dunner,2017,Ball State,12.0,8.0,,,,,,,,,,,,,,,,,,,,,,,,,
369,3915459,J.Gilbert,2017,Ball State,74.0,19.0,,,,,,,,,,,,,,,,,,,,,,,,,
370,3915468,R.Neal,2017,Ball State,41.0,15.0,,,,,,,,,,,,,,,,,,,,,,,,,
371,3915497,R.Ross,2017,Central Michigan,51.0,13.0,,,,,,,,,,,,,,,,,,,,,,,,,
372,3915536,M.Weber,2017,Ohio State,637.0,99.0,,,,,,,,,,,,,,,,,,,,,,,,,
373,3915577,J.Curry,2017,Samford,25.0,6.0,,,,,,,,,,,,,,,,,,,,,,,,,
374,3915760,S.Dobbs,2017,Vanderbilt,47.0,4.0,,,,,,,,,,,,,,,,,,,,,,,,,
375,3915823,K.Coutee,2017,Texas Tech,13.0,4.0,,,,,,,,,,,,,,,,,,,,,,,,,
376,3915832,Q.Shorts,2017,Texas Tech,19.0,2.0,,,,,,,,,,,,,,,,,,,,,,,,,
377,3915969,J.Moten,2017,Northwestern,57.0,18.0,,,,,,,,,,,,,,,,,,,,,,,,,
378,3915984,J.Roberts,2017,Northwestern,100.0,9.0,,,,,,,,,,,,,,,,,,,,,,,,,
379,3916206,B.West,2017,SMU,32.0,8.0,,,,,,,,,,,,,,,,,,,,,,,,,
380,3916209,X.Jones,2017,SMU,37.0,8.0,,,,,,,,,,,,,,,,,,,,,,,,,
381,3916369,E.Esukpa,2017,Rice,12.0,7.0,,,,,,,,,,,,,,,,,,,,,,,,,
382,3916387,L.Jackson,2017,Louisville,1706.0,247.0,,,,,,,,,,,,,,,,,,,,,,,,,
383,3916389,T.Smith,2017,Louisville,146.0,24.0,,,,,,,,,,,,,,,,,,,,,,,,,
384,3916430,N.Hines,2017,NC State,1121.0,196.0,4.0,104.0,IND,RB,21.0,0.0,6.0,6.0,25.0,0.0,0.0,0.0,0.0,0.0,107.0,380.0,2.0,90.0,643.0,2.0,1.0,,,North Carolina St.,College Stats
385,3916447,E.Dungey,2017,Syracuse,619.0,156.0,,,,,,,,,,,,,,,,,,,,,,,,,
386,3916451,D.Strickland,2017,Syracuse,509.0,135.0,,,,,,,,,,,,,,,,,,,,,,,,,
387,3916456,T.Perkins,2017,Syracuse,18.0,8.0,,,,,,,,,,,,,,,,,,,,,,,,,
388,3916564,T.Jackson,2017,Buffalo,17.0,7.0,,,,,,,,,,,,,,,,,,,,,,,,,
389,3916573,J.Hawkins,2017,Buffalo,21.0,10.0,,,,,,,,,,,,,,,,,,,,,,,,,
390,3916635,B.Turner,2017,Eastern Michigan,37.0,9.0,,,,,,,,,,,,,,,,,,,,,,,,,
391,3916721,L.Bellamy,2017,Western Michigan,169.0,21.0,,,,,,,,,,,,,,,,,,,,,,,,,
392,3916726,J.Wassink,2017,Western Michigan,15.0,14.0,,,,,,,,,,,,,,,,,,,,,,,,,
393,3916732,D.Tucker,2017,Western Michigan,12.0,5.0,,,,,,,,,,,,,,,,,,,,,,,,,
394,3916803,D.Woolfolk,2017,Army,125.0,31.0,,,,,,,,,,,,,,,,,,,,,,,,,
395,3916820,C.Holt,2017,Army,33.0,6.0,,,,,,,,,,,,,,,,,,,,,,,,,
396,3916821,A.Davidson,2017,Army,118.0,17.0,,,,,,,,,,,,,,,,,,,,,,,,,
397,3916899,A.Cantrell,2017,Arkansas,15.0,4.0,,,,,,,,,,,,,,,,,,,,,,,,,
398,3916925,K.Johnson,2017,Auburn,1320.0,263.0,2.0,43.0,DET,RB,21.0,1.0,5.0,5.0,16.0,0.0,0.0,0.0,0.0,0.0,210.0,949.0,5.0,41.0,339.0,2.0,,,,Auburn,College Stats
399,3917007,C.President,2017,Tulsa,69.0,8.0,,,,,,,,,,,,,,,,,,,,,,,,,
400,3917104,D.Chestnut,2017,New Mexico,41.0,8.0,,,,,,,,,,,,,,,,,,,,,,,,,
401,3917179,J.Jones,2017,Arkansas State,14.0,4.0,,,,,,,,,,,,,,,,,,,,,,,,,
402,3917190,W.Wand,2017,Arkansas State,69.0,12.0,,,,,,,,,,,,,,,,,,,,,,,,,
403,3917202,W.Fields,2017,Georgia Southern,65.0,28.0,,,,,,,,,,,,,,,,,,,,,,,,,
404,3917281,N.Gibson,2017,Mississippi State,222.0,38.0,,,,,,,,,,,,,,,,,,,,,,,,,
405,3917282,K.Mixon,2017,Mississippi State,13.0,2.0,,,,,,,,,,,,,,,,,,,,,,,,,
406,3917315,K.Murray,2017,Oklahoma,151.0,14.0,,,,,,,,,,,,,,,,,,,,,,,,,
407,3917321,K.Etwi,2017,Texas A&M,42.0,7.0,,,,,,,,,,,,,,,,,,,,,,,,,
408,3917322,K.Bussey,2017,Texas A&M,256.0,50.0,,,,,,,,,,,,,,,,,,,,,,,,,
409,3917540,A.Winchester,2017,Georgia State,39.0,12.0,,,,,,,,,,,,,,,,,,,,,,,,,
410,3917542,T.Bateman,2017,Georgia State,100.0,29.0,,,,,,,,,,,,,,,,,,,,,,,,,
411,3917569,J.Bradley,2017,Louisiana,14.0,1.0,,,,,,,,,,,,,,,,,,,,,,,,,
412,3917581,J.Wright,2017,Louisiana,34.0,5.0,,,,,,,,,,,,,,,,,,,,,,,,,
413,3917611,R.Corbin,2017,Illinois,78.0,18.0,,,,,,,,,,,,,,,,,,,,,,,,,
414,3917668,A.Ingold,2017,Wisconsin,19.0,6.0,,,,,,,,,,,,,,,,,,,,,,,,,
415,3917680,B.Shaw,2017,Wisconsin,365.0,96.0,,,,,,,,,,,,,,,,,,,,,,,,,
416,3917792,D.Jones,2017,Duke,526.0,172.0,,,,,,,,,,,,,,,,,,,,,,,,,
417,3917793,Q.Harris,2017,Duke,86.0,36.0,,,,,,,,,,,,,,,,,,,,,,,,,
418,3917810,T.Marshall,2017,Georgia Tech,1467.0,308.0,,,,,,,,,,,,,,,,,,,,,,,,,
419,3917812,N.Cottrell,2017,Georgia Tech,393.0,44.0,,,,,,,,,,,,,,,,,,,,,,,,,
420,3917846,M.Walton,2017,Miami,428.0,56.0,4.0,112.0,CIN,RB,21.0,0.0,1.0,1.0,21.0,0.0,0.0,0.0,0.0,0.0,67.0,235.0,0.0,20.0,130.0,0.0,4.0,,,Miami (FL),College Stats
421,3917897,R.Araujo-Lopes,2017,Pittsburgh,16.0,6.0,,,,,,,,,,,,,,,,,,,,,,,,,
422,3917911,C.Sharp,2017,Virginia,41.0,12.0,,,,,,,,,,,,,,,,,,,,,,,,,
423,3917914,O.Zaccheaus,2017,Virginia,182.0,27.0,,,,,,,,,,,,,,,,,,,,,,,,,
424,3917943,S.Croney,2017,Iowa State,151.0,29.0,,,,,,,,,,,,,,,,,,,,,,,,,
425,3917957,C.Stanley,2017,Kansas,91.0,55.0,,,,,,,,,,,,,,,,,,,,,,,,,
426,3917964,T.Martin,2017,Kansas,286.0,90.0,,,,,,,,,,,,,,,,,,,,,,,,,
427,3918001,T.Fuller,2017,Purdue,380.0,70.0,,,,,,,,,,,,,,,,,,,,,,,,,
428,3918007,J.Schopper,2017,Purdue,13.0,1.0,,,,,,,,,,,,,,,,,,,,,,,,,
429,3918013,R.Worship,2017,Purdue,266.0,60.0,,,,,,,,,,,,,,,,,,,,,,,,,
430,3918048,D.O'Neal,2017,Fresno State,11.0,2.0,,,,,,,,,,,,,,,,,,,,,,,,,
431,3918298,J.Allen,2017,Wyoming,15.0,16.0,,,,,,,,,,,,,,,,,,,,,,,,,
432,3918311,M.Hall,2017,Wyoming,73.0,20.0,,,,,,,,,,,,,,,,,,,,,,,,,
433,3918322,K.Overstreet,2017,Wyoming,30.0,9.0,,,,,,,,,,,,,,,,,,,,,,,,,
434,3919104,K.Whyte,2017,Florida Atlantic,14.0,2.0,,,,,,,,,,,,,,,,,,,,,,,,,
435,3919544,M.Colburn,2017,Wake Forest,754.0,145.0,,,,,,,,,,,,,,,,,,,,,,,,,
436,3920825,M.Farkas,2017,Ohio,16.0,1.0,,,,,,,,,,,,,,,,,,,,,,,,,
437,3920865,V.Edwards,2017,Akron,14.0,9.0,,,,,,,,,,,,,,,,,,,,,,,,,
438,3921571,N.Murray,2017,Florida State,15.0,3.0,,,,,,,,,,,,,,,,,,,,,,,,,
439,3921594,C.Nash,2017,Central Connecticut,35.0,9.0,,,,,,,,,,,,,,,,,,,,,,,,,
440,3921652,J.Washington,2017,San Diego State,86.0,24.0,,,,,,,,,,,,,,,,,,,,,,,,,
441,3921695,Z.Zigler,2017,San JosÃ© State,33.0,14.0,,,,,,,,,,,,,,,,,,,,,,,,,
442,3921706,B.Presley,2017,UNLV,16.0,2.0,,,,,,,,,,,,,,,,,,,,,,,,,
443,3921708,L.Thomas,2017,UNLV,84.0,12.0,,,,,,,,,,,,,,,,,,,,,,,,,
444,3921725,M.McMorris,2017,California,13.0,6.0,,,,,,,,,,,,,,,,,,,,,,,,,
445,3921979,M.Jones,2017,Northern Illinois,51.0,12.0,,,,,,,,,,,,,,,,,,,,,,,,,
446,3923365,D.Antoine,2017,South Florida,31.0,2.0,,,,,,,,,,,,,,,,,,,,,,,,,
447,3924327,D.Lock,2017,Missouri,115.0,43.0,,,,,,,,,,,,,,,,,,,,,,,,,
448,3924359,M.Denson,2017,South Carolina,154.0,43.0,,,,,,,,,,,,,,,,,,,,,,,,,
449,3924365,H.Hurst,2017,South Carolina,36.0,7.0,,,,,,,,,,,,,,,,,,,,,,,,,
450,3924376,A.Turner,2017,South Carolina,529.0,95.0,,,,,,,,,,,,,,,,,,,,,,,,,
451,3925346,D.Gore,2017,Louisiana Monroe,62.0,24.0,,,,,,,,,,,,,,,,,,,,,,,,,
452,3925347,D.Harris,2017,Alabama,979.0,119.0,,,,,,,,,,,,,,,,,,,,,,,,,
453,3925357,C.Ridley,2017,Alabama,17.0,2.0,,,,,,,,,,,,,,,,,,,,,,,,,
454,3925429,B.Oliveira,2017,North Dakota,15.0,7.0,,,,,,,,,,,,,,,,,,,,,,,,,
455,3925434,J.Santiago,2017,North Dakota,24.0,10.0,,,,,,,,,,,,,,,,,,,,,,,,,
456,3928256,J.Howard,2017,Utah,35.0,9.0,,,,,,,,,,,,,,,,,,,,,,,,,
457,3928925,J.Hasty,2017,Baylor,314.0,76.0,,,,,,,,,,,,,,,,,,,,,,,,,
458,3928932,T.Nicholson,2017,Baylor,41.0,4.0,,,,,,,,,,,,,,,,,,,,,,,,,
459,3929118,J.Smith,2017,Boston College,106.0,9.0,,,,,,,,,,,,,,,,,,,,,,,,,
460,3929630,S.Barkley,2017,Penn State,1222.0,213.0,1.0,2.0,NYG,RB,21.0,2.0,14.0,14.0,23.0,0.0,0.0,0.0,0.0,0.0,362.0,1709.0,13.0,124.0,979.0,5.0,,,,Penn St.,College Stats
461,3929654,A.Robinson,2017,Penn State,55.0,9.0,,,,,,,,,,,,,,,,,,,,,,,,,
462,3929778,D.Williams,2017,Indiana,70.0,20.0,7.0,226.0,DEN,RB,24.0,0.0,,,,,,,,,,,,,,,,,,Arkansas,College Stats
463,3929788,M.Majette,2017,Indiana,37.0,34.0,,,,,,,,,,,,,,,,,,,,,,,,,
464,3929817,F.Davis,2017,Michigan State,16.0,1.0,,,,,,,,,,,,,,,,,,,,,,,,,
465,3929824,B.Lewerke,2017,Michigan State,486.0,109.0,,,,,,,,,,,,,,,,,,,,,,,,,
466,3929828,L.Scott,2017,Michigan State,788.0,183.0,,,,,,,,,,,,,,,,,,,,,,,,,
467,3929831,D.Stewart,2017,Michigan State,140.0,20.0,,,,,,,,,,,,,,,,,,,,,,,,,
468,3929855,C.Warren,2017,Texas,360.0,81.0,,,,,,,,,,,,,,,,,,,,,,,,,
469,3929913,I.Matthews,2017,Colorado State,106.0,35.0,,,,,,,,,,,,,,,,,,,,,,,,,
470,3929927,K.Higdon,2017,Michigan,957.0,154.0,,,,,,,,,,,,,,,,,,,,,,,,,
471,3929942,C.Fox,2017,Virginia Tech,223.0,39.0,,,,,,,,,,,,,,,,,,,,,,,,,
472,3929944,D.McClease,2017,Virginia Tech,457.0,98.0,,,,,,,,,,,,,,,,,,,,,,,,,
473,3930070,E.Swinney,2017,Ole Miss,195.0,41.0,,,,,,,,,,,,,,,,,,,,,,,,,
474,3931356,K.Benson,2017,Georgia Tech,1221.0,242.0,,,,,,,,,,,,,,,,,,,,,,,,,
475,3931395,J.Bailey,2017,Stanford,17.0,1.0,,,,,,,,,,,,,,,,,,,,,,,,,
476,3931398,B.Love,2017,Stanford,1973.0,237.0,,,,,,,,,,,,,,,,,,,,,,,,,
477,3931401,C.Scarlett,2017,Stanford,385.0,86.0,,,,,,,,,,,,,,,,,,,,,,,,,
478,3931425,S.Brown,2017,Arizona,38.0,3.0,,,,,,,,,,,,,,,,,,,,,,,,,
479,3931434,B.Leon,2017,Arizona,81.0,13.0,,,,,,,,,,,,,,,,,,,,,,,,,
480,3931766,K.Davis,2017,Marshall,74.0,8.0,,,,,,,,,,,,,,,,,,,,,,,,,
481,3932222,S.Jamabo,2017,UCLA,493.0,95.0,,,,,,,,,,,,,,,,,,,,,,,,,
482,3932233,B.Olorunfunmi,2017,UCLA,573.0,115.0,,,,,,,,,,,,,,,,,,,,,,,,,
483,3932420,J.Adams,2017,Notre Dame,960.0,146.0,,,,,,,,,,,,,,,,,,,,,,,,,
484,3932449,D.Williams,2017,Notre Dame,200.0,31.0,7.0,226.0,DEN,RB,24.0,0.0,,,,,,,,,,,,,,,,,,Arkansas,College Stats
485,3932451,B.Wimbush,2017,Notre Dame,583.0,105.0,,,,,,,,,,,,,,,,,,,,,,,,,
486,3932965,J.Wildman,2017,Utah State,11.0,1.0,,,,,,,,,,,,,,,,,,,,,,,,,
487,3935204,R.Cleveland,2017,Air Force,14.0,2.0,,,,,,,,,,,,,,,,,,,,,,,,,
488,3935209,T.McVey,2017,Air Force,62.0,11.0,,,,,,,,,,,,,,,,,,,,,,,,,
489,3935232,S.Simpson,2017,Towson,25.0,12.0,,,,,,,,,,,,,,,,,,,,,,,,,
490,3935377,K.Mitchell,2017,Bethune-Cookman,18.0,2.0,,,,,,,,,,,,,,,,,,,,,,,,,
491,3935424,B.Alleyne,2017,Delaware State,70.0,12.0,,,,,,,,,,,,,,,,,,,,,,,,,
492,3939936,D.Jones,2017,Boston College,25.0,4.0,,,,,,,,,,,,,,,,,,,,,,,,,
493,3945284,R.Brand,2017,Maryland,46.0,9.0,,,,,,,,,,,,,,,,,,,,,,,,,
494,3953574,L.Johnson,2017,Charleston Southern,19.0,6.0,,,,,,,,,,,,,,,,,,,,,,,,,
495,4027420,A.Custer,2017,Eastern Washington,26.0,12.0,,,,,,,,,,,,,,,,,,,,,,,,,
496,4027916,J.Logan,2017,Northern Arizona,101.0,18.0,,,,,,,,,,,,,,,,,,,,,,,,,
497,4029722,R.Harris,2017,Charleston Southern,89.0,17.0,,,,,,,,,,,,,,,,,,,,,,,,,
498,4029744,G.Wall,2017,Charleston Southern,23.0,3.0,,,,,,,,,,,,,,,,,,,,,,,,,
499,4030390,K.Tyler,2017,Coastal Carolina,14.0,2.0,,,,,,,,,,,,,,,,,,,,,,,,,
500,4030773,B.Womack,2017,Morgan State,11.0,6.0,,,,,,,,,,,,,,,,,,,,,,,,,
501,4032165,D.Morehead,2017,Furman,27.0,8.0,,,,,,,,,,,,,,,,,,,,,,,,,
502,4032199,C.Blackman,2017,Central Arkansas,114.0,24.0,,,,,,,,,,,,,,,,,,,,,,,,,
503,4032201,K.Crossley,2017,Central Arkansas,31.0,12.0,,,,,,,,,,,,,,,,,,,,,,,,,
504,4032204,K.Ledet,2017,Central Arkansas,21.0,4.0,,,,,,,,,,,,,,,,,,,,,,,,,
505,4032244,L.Ward,2017,The Citadel,40.0,14.0,,,,,,,,,,,,,,,,,,,,,,,,,
506,4032456,S.Cantwell,2017,Weber State,61.0,20.0,,,,,,,,,,,,,,,,,,,,,,,,,
507,4032475,K.Smith,2017,Weber State,41.0,11.0,,,,,,,,,,,,,,,,,,,,,,,,,
508,4032556,J.Anderson,2017,William & Mary,18.0,7.0,,,,,,,,,,,,,,,,,,,,,,,,,
509,4032559,N.Giles,2017,William & Mary,54.0,11.0,,,,,,,,,,,,,,,,,,,,,,,,,
510,4032575,J.Newman,2017,Wofford,24.0,6.0,,,,,,,,,,,,,,,,,,,,,,,,,
511,4032577,B.Morgan,2017,Wofford,31.0,7.0,,,,,,,,,,,,,,,,,,,,,,,,,
512,4033387,P.Tyler,2017,Southern Utah,17.0,10.0,,,,,,,,,,,,,,,,,,,,,,,,,
513,4033394,J.Felila,2017,Southern Utah,60.0,20.0,,,,,,,,,,,,,,,,,,,,,,,,,
514,4033880,R.Stover,2017,Towson,52.0,13.0,,,,,,,,,,,,,,,,,,,,,,,,,
515,4034776,P.Howard,2017,Minnesota,12.0,5.0,,,,,,,,,,,,,,,,,,,,,,,,,
516,4034782,K.McCrary,2017,Minnesota,498.0,95.0,,,,,,,,,,,,,,,,,,,,,,,,,
517,4034837,T.Bryant,2017,Nebraska,406.0,71.0,,,,,,,,,,,,,,,,,,,,,,,,,
518,4034860,J.Spielman,2017,Nebraska,73.0,10.0,,,,,,,,,,,,,,,,,,,,,,,,,
519,4034912,J.Burke,2017,Alabama A&M,17.0,8.0,,,,,,,,,,,,,,,,,,,,,,,,,
520,4034948,F.Franks,2017,Florida,16.0,71.0,,,,,,,,,,,,,,,,,,,,,,,,,
521,4034952,L.Perine,2017,Florida,591.0,155.0,,,,,,,,,,,,,,,,,,,,,,,,,
522,4035004,M.Hardman,2017,Georgia,51.0,6.0,,,,,,,,,,,,,,,,,,,,,,,,,
523,4035005,B.Herrien,2017,Georgia,282.0,64.0,,,,,,,,,,,,,,,,,,,,,,,,,
524,4035006,E.Holyfield,2017,Georgia,328.0,59.0,,,,,,,,,,,,,,,,,,,,,,,,,
525,4035072,B.Snell,2017,Kentucky,1529.0,285.0,,,,,,,,,,,,,,,,,,,,,,,,,
526,4035099,D.Mason,2017,Missouri,19.0,1.0,,,,,,,,,,,,,,,,,,,,,,,,,
527,4035100,M.Wilson,2017,Missouri,89.0,15.0,,,,,,,,,,,,,,,,,,,,,,,,,
528,4035102,D.Crockett,2017,Missouri,500.0,90.0,,,,,,,,,,,,,,,,,,,,,,,,,
529,4035106,D.Downing,2017,Missouri,121.0,20.0,,,,,,,,,,,,,,,,,,,,,,,,,
530,4035171,T.Byrd,2017,Tennessee,19.0,2.0,,,,,,,,,,,,,,,,,,,,,,,,,
531,4035175,C.Fils-aime,2017,Tennessee,215.0,31.0,,,,,,,,,,,,,,,,,,,,,,,,,
532,4035222,T.Williams,2017,Texas A&M,936.0,188.0,,,,,,,,,,,,,,,,,,,,,,,,,
533,4035277,K.Lipscomb,2017,Vanderbilt,22.0,4.0,,,,,,,,,,,,,,,,,,,,,,,,,
534,4035282,D.Tennyson,2017,Vanderbilt,63.0,3.0,,,,,,,,,,,,,,,,,,,,,,,,,
535,4035284,J.Wakefield,2017,Vanderbilt,115.0,28.0,,,,,,,,,,,,,,,,,,,,,,,,,
536,4035312,A.Brown,2017,Boston College,210.0,42.0,,,,,,,,,,,,,,,,,,,,,,,,,
537,4035390,J.Atkinson,2017,Baylor,15.0,2.0,,,,,,,,,,,,,,,,,,,,,,,,,
538,4035460,Z.Cooper,2017,Clemson,27.0,12.0,,,,,,,,,,,,,,,,,,,,,,,,,
539,4035470,T.Feaster,2017,Clemson,692.0,112.0,,,,,,,,,,,,,,,,,,,,,,,,,
540,4035497,K.Martin,2017,Auburn,429.0,68.0,,,,,,,,,,,,,,,,,,,,,,,,,
541,4035500,E.Stove,2017,Auburn,298.0,28.0,,,,,,,,,,,,,,,,,,,,,,,,,
542,4035507,M.Miller,2017,Auburn,135.0,34.0,,,,,,,,,,,,,,,,,,,,,,,,,
543,4035538,D.Montgomery,2017,Iowa State,1206.0,254.0,,,,,,,,,,,,,,,,,,,,,,,,,
544,4035576,T.Hammonds,2017,Arkansas,262.0,32.0,,,,,,,,,,,,,,,,,,,,,,,,,
545,4035583,J.Jones,2017,Arkansas,88.0,8.0,,,,,,,,,,,,,,,,,,,,,,,,,
546,4035584,C.Kelley,2017,Arkansas,74.0,53.0,,,,,,,,,,,,,,,,,,,,,,,,,
547,4035600,D.Whaley,2017,Arkansas,591.0,138.0,,,,,,,,,,,,,,,,,,,,,,,,,
548,4035607,A.Rasul,2017,Florida State,128.0,27.0,,,,,,,,,,,,,,,,,,,,,,,,,
549,4035628,K.Gavin,2017,Florida State,12.0,2.0,,,,,,,,,,,,,,,,,,,,,,,,,
550,4035636,J.Larkin,2017,Northwestern,409.0,81.0,,,,,,,,,,,,,,,,,,,,,,,,,
551,4035638,J.Brown,2017,Northwestern,77.0,10.0,,,,,,,,,,,,,,,,,,,,,,,,,
552,4035670,D.Henry-Cole,2017,Utah,266.0,53.0,,,,,,,,,,,,,,,,,,,,,,,,,
553,4035671,T.Huntley,2017,Utah,480.0,143.0,,,,,,,,,,,,,,,,,,,,,,,,,
554,4035676,Z.Moss,2017,Utah,1023.0,194.0,,,,,,,,,,,,,,,,,,,,,,,,,
555,4035685,M.Wishnowsky,2017,Utah,19.0,1.0,,,,,,,,,,,,,,,,,,,,,,,,,
556,4035691,M.Fink,2017,USC,82.0,7.0,,,,,,,,,,,,,,,,,,,,,,,,,
557,4035693,V.Jones,2017,USC,15.0,5.0,,,,,,,,,,,,,,,,,,,,,,,,,
558,4035695,V.Malepeai,2017,USC,267.0,52.0,,,,,,,,,,,,,,,,,,,,,,,,,
559,4035711,J.Sparks,2017,Purdue,145.0,29.0,,,,,,,,,,,,,,,,,,,,,,,,,
560,4035721,J.Anthrop,2017,Purdue,26.0,12.0,,,,,,,,,,,,,,,,,,,,,,,,,
561,4035724,B.Lankford-Johnson,2017,Purdue,95.0,29.0,,,,,,,,,,,,,,,,,,,,,,,,,
562,4035748,T.Stephens,2017,Bowling Green,25.0,3.0,,,,,,,,,,,,,,,,,,,,,,,,,
563,4035767,G.Groshek,2017,Wisconsin,294.0,57.0,,,,,,,,,,,,,,,,,,,,,,,,,
564,4035776,K.Pryor,2017,Wisconsin,63.0,5.0,,,,,,,,,,,,,,,,,,,,,,,,,
565,4035792,A.Taylor,2017,Wisconsin,25.0,5.0,,,,,,,,,,,,,,,,,,,,,,,,,
566,4035820,J.Starks,2017,UCLA,138.0,36.0,,,,,,,,,,,,,,,,,,,,,,,,,
567,4035821,M.Lynch,2017,UCLA,15.0,2.0,,,,,,,,,,,,,,,,,,,,,,,,,
568,4035823,D.Modster,2017,UCLA,15.0,8.0,,,,,,,,,,,,,,,,,,,,,,,,,
569,4035824,B.Stephens,2017,UCLA,183.0,44.0,,,,,,,,,,,,,,,,,,,,,,,,,
570,4035826,D.Felton,2017,UCLA,54.0,6.0,,,,,,,,,,,,,,,,,,,,,,,,,
571,4035849,Z.Echols,2017,California,17.0,13.0,,,,,,,,,,,,,,,,,,,,,,,,,
572,4035851,D.Robertson,2017,California,40.0,2.0,,,,,,,,,,,,,,,,,,,,,,,,,
573,4035860,D.Clark,2017,California,46.0,14.0,,,,,,,,,,,,,,,,,,,,,,,,,
574,4035886,K.Herbert,2017,Kansas,663.0,120.0,,,,,,,,,,,,,,,,,,,,,,,,,
575,4035900,C.Moos,2017,Kansas,11.0,1.0,,,,,,,,,,,,,,,,,,,,,,,,,
576,4035995,J.Pass,2017,Louisville,85.0,14.0,,,,,,,,,,,,,,,,,,,,,,,,,
577,4036007,D.Williams,2017,Louisville,294.0,41.0,7.0,226.0,DEN,RB,24.0,0.0,,,,,,,,,,,,,,,,,,Arkansas,College Stats
578,4036016,T.Little,2017,Louisville,38.0,13.0,,,,,,,,,,,,,,,,,,,,,,,,,
579,4036032,B.Brown,2017,Duke,775.0,149.0,,,,,,,,,,,,,,,,,,,,,,,,,
580,4036055,M.Ffrench,2017,Pittsburgh,113.0,13.0,,,,,,,,,,,,,,,,,,,,,,,,,
581,4036069,C.Moss,2017,Pittsburgh,198.0,65.0,,,,,,,,,,,,,,,,,,,,,,,,,
582,4036134,A.Hooker,2017,Iowa,18.0,1.0,,,,,,,,,,,,,,,,,,,,,,,,,
583,4036156,T.Young,2017,Iowa,193.0,45.0,,,,,,,,,,,,,,,,,,,,,,,,,
584,4036210,T.Pigrome,2017,Maryland,128.0,22.0,,,,,,,,,,,,,,,,,,,,,,,,,
585,4036215,M.Bortenschlager,2017,Maryland,13.0,72.0,,,,,,,,,,,,,,,,,,,,,,,,,
586,4036218,L.Harrison,2017,Maryland,667.0,148.0,,,,,,,,,,,,,,,,,,,,,,,,,
587,4036224,J.Funk,2017,Maryland,160.0,29.0,,,,,,,,,,,,,,,,,,,,,,,,,
588,4036260,K.Walker,2017,Michigan,68.0,20.0,,,,,,,,,,,,,,,,,,,,,,,,,
589,4036339,R.Boddie,2017,Colorado State,89.0,16.0,,,,,,,,,,,,,,,,,,,,,,,,,
590,4036360,M.Kinsey,2017,Colorado State,40.0,11.0,,,,,,,,,,,,,,,,,,,,,,,,,
591,4036409,T.Burns,2017,Kansas State,26.0,8.0,,,,,,,,,,,,,,,,,,,,,,,,,
592,4036416,B.Pringle,2017,Kansas State,15.0,1.0,,,,,,,,,,,,,,,,,,,,,,,,,
593,4036419,S.John,2017,Kansas State,263.0,64.0,,,,,,,,,,,,,,,,,,,,,,,,,
594,4036429,Z.Thomas,2017,Appalachian State,13.0,1.0,,,,,,,,,,,,,,,,,,,,,,,,,
595,4036485,C.Marable,2017,Presbyterian College,162.0,16.0,,,,,,,,,,,,,,,,,,,,,,,,,
596,4036585,C.Evans,2017,Louisiana Monroe,59.0,19.0,,,,,,,,,,,,,,,,,,,,,,,,,
597,4036650,S.Werts,2017,Georgia Southern,55.0,36.0,,,,,,,,,,,,,,,,,,,,,,,,,
598,4036788,J.Kincaide,2017,Nevada,86.0,15.0,,,,,,,,,,,,,,,,,,,,,,,,,
599,4036942,K.Walker,2017,Army,43.0,9.0,,,,,,,,,,,,,,,,,,,,,,,,,
600,4037121,R.Culpepper,2017,Syracuse,54.0,21.0,,,,,,,,,,,,,,,,,,,,,,,,,
601,4037124,S.Riley,2017,Syracuse,47.0,4.0,,,,,,,,,,,,,,,,,,,,,,,,,
602,4037125,M.Neal,2017,Syracuse,499.0,97.0,,,,,,,,,,,,,,,,,,,,,,,,,
603,4037141,D.C.,2017,Syracuse,20.0,3.0,,,,,,,,,,,,,,,,,,,,,,,,,
604,4037211,A.Byrd,2017,Wake Forest,378.0,74.0,,,,,,,,,,,,,,,,,,,,,,,,,
605,4037221,C.Carney,2017,Wake Forest,219.0,56.0,,,,,,,,,,,,,,,,,,,,,,,,,
606,4037366,T.Lee,2017,Middle Tennessee,60.0,27.0,,,,,,,,,,,,,,,,,,,,,,,,,
607,4037399,T.Cotton,2017,North Carolina Central,11.0,5.0,,,,,,,,,,,,,,,,,,,,,,,,,
608,4037405,I.Totten,2017,North Carolina Central,83.0,5.0,,,,,,,,,,,,,,,,,,,,,,,,,
609,4037441,B.Sinclair,2017,Old Dominion,29.0,4.0,,,,,,,,,,,,,,,,,,,,,,,,,
610,4037457,T.Homer,2017,Miami,907.0,151.0,,,,,,,,,,,,,,,,,,,,,,,,,
611,4037478,G.Doaks,2017,Cincinnati,25.0,6.0,,,,,,,,,,,,,,,,,,,,,,,,,
612,4037512,J.Brown,2017,North Carolina,667.0,151.0,,,,,,,,,,,,,,,,,,,,,,,,,
613,4037521,C.Surratt,2017,North Carolina,276.0,101.0,,,,,,,,,,,,,,,,,,,,,,,,,
614,4037579,D.Cross,2017,Virginia,27.0,5.0,,,,,,,,,,,,,,,,,,,,,,,,,
615,4037591,J.Reed,2017,Virginia,108.0,21.0,,,,,,,,,,,,,,,,,,,,,,,,,
616,4037603,J.Jackson,2017,Virginia Tech,375.0,119.0,7.0,251.0,LAC,RB,23.0,0.0,3.0,3.0,17.0,0.0,0.0,0.0,0.0,0.0,70.0,355.0,2.0,22.0,155.0,0.0,,,,Northwestern,College Stats
617,4037631,A.Adams,2017,Oklahoma,562.0,65.0,,,,,,,,,,,,,,,,,,,,,,,,,
618,4038186,A.Worthman,2017,Air Force,60.0,26.0,,,,,,,,,,,,,,,,,,,,,,,,,
619,4038195,P.Wilson,2017,Air Force,21.0,8.0,,,,,,,,,,,,,,,,,,,,,,,,,
620,4038220,C.McDonald,2017,Hawai'i,75.0,3.0,,,,,,,,,,,,,,,,,,,,,,,,,
621,4038226,F.Holly,2017,Hawai'i,19.0,7.0,,,,,,,,,,,,,,,,,,,,,,,,,
622,4038433,K.Wudtee,2017,Oklahoma State,29.0,3.0,,,,,,,,,,,,,,,,,,,,,,,,,
623,4038438,L.Brown,2017,Oklahoma State,219.0,37.0,,,,,,,,,,,,,,,,,,,,,,,,,
624,4038441,J.Hill,2017,Oklahoma State,1438.0,256.0,,,,,,,,,,,,,,,,,,,,,,,,,
625,4038521,H.Howe,2017,East Carolina,64.0,13.0,,,,,,,,,,,,,,,,,,,,,,,,,
626,4038533,D.Anderson,2017,TCU,874.0,143.0,,,,,,,,,,,,,,,,,,,,,,,,,
627,4038539,S.Olonilua,2017,TCU,286.0,61.0,,,,,,,,,,,,,,,,,,,,,,,,,
628,4038713,T.Sands,2017,South Florida,43.0,8.0,,,,,,,,,,,,,,,,,,,,,,,,,
629,4038741,K.Nelson,2017,Akron,47.0,10.0,,,,,,,,,,,,,,,,,,,,,,,,,
630,4038809,J.Bentley,2017,South Carolina,96.0,77.0,,,,,,,,,,,,,,,,,,,,,,,,,
631,4038813,R.Davis,2017,South Carolina,11.0,3.0,,,,,,,,,,,,,,,,,,,,,,,,,
632,4038815,R.Dowdle,2017,South Carolina,233.0,72.0,,,,,,,,,,,,,,,,,,,,,,,,,
633,4038818,B.Edwards,2017,South Carolina,19.0,4.0,,,,,,,,,,,,,,,,,,,,,,,,,
634,4038919,J.Rankin,2017,Kent State,22.0,10.0,,,,,,,,,,,,,,,,,,,,,,,,,
635,4038941,J.Herbert,2017,Oregon,197.0,40.0,,,,,,,,,,,,,,,,,,,,,,,,,
636,4039008,K.Pleasant,2017,Washington,19.0,5.0,,,,,,,,,,,,,,,,,,,,,,,,,
637,4039009,S.McGrew,2017,Washington,59.0,17.0,,,,,,,,,,,,,,,,,,,,,,,,,
638,4039032,K.Stepherson,2017,Notre Dame,76.0,5.0,,,,,,,,,,,,,,,,,,,,,,,,,
639,4039034,S.Buechele,2017,Texas,108.0,74.0,,,,,,,,,,,,,,,,,,,,,,,,,
640,4039055,R.Hemphill-Mapps,2017,Texas,52.0,8.0,,,,,,,,,,,,,,,,,,,,,,,,,
641,4039057,L.Humphrey,2017,Texas,62.0,7.0,,,,,,,,,,,,,,,,,,,,,,,,,
642,4039062,K.Porter,2017,Texas,261.0,85.0,,,,,,,,,,,,,,,,,,,,,,,,,
643,4039226,J.Crawford,2017,West Virginia,1167.0,203.0,,,,,,,,,,,,,,,,,,,,,,,,,
644,4039234,K.McKoy,2017,West Virginia,615.0,119.0,,,,,,,,,,,,,,,,,,,,,,,,,
645,4039262,K.Gwilly,2017,Central Michigan,118.0,24.0,,,,,,,,,,,,,,,,,,,,,,,,,
646,4039271,T.Poljan,2017,Central Michigan,20.0,5.0,,,,,,,,,,,,,,,,,,,,,,,,,
647,4039274,J.Ward,2017,Central Michigan,123.0,25.0,,,,,,,,,,,,,,,,,,,,,,,,,
648,4039358,P.Taylor,2017,Memphis,39.0,12.0,,,,,,,,,,,,,,,,,,,,,,,,,
649,4039359,D.Henderson,2017,Memphis,105.0,14.0,,,,,,,,,,,,,,,,,,,,,,,,,
650,4039602,K.Tate,2017,Arizona,1353.0,133.0,,,,,,,,,,,,,,,,,,,,,,,,,
651,4039607,J.Taylor,2017,Arizona,827.0,135.0,,,,,,,,,,,,,,,,,,,,,,,,,
652,4039669,C.Taylor,2017,Tulsa,111.0,20.0,,,,,,,,,,,,,,,,,,,,,,,,,
653,4039935,S.Davis,2017,Troy,11.0,1.0,,,,,,,,,,,,,,,,,,,,,,,,,
654,4040434,I.Tucker,2017,Louisiana Tech,25.0,3.0,,,,,,,,,,,,,,,,,,,,,,,,,
655,4040484,K.Dove,2017,UTEP,34.0,10.0,,,,,,,,,,,,,,,,,,,,,,,,,
656,4040522,R.Brown,2017,Texas State,41.0,11.0,,,,,,,,,,,,,,,,,,,,,,,,,
657,4040524,T.Morbley,2017,Texas State,23.0,2.0,,,,,,,,,,,,,,,,,,,,,,,,,
658,4040553,A.D.,2017,Texas State,66.0,8.0,,,,,,,,,,,,,,,,,,,,,,,,,
659,4040616,D.Haskins,2017,Ohio State,86.0,24.0,,,,,,,,,,,,,,,,,,,,,,,,,
660,4040625,D.McCall,2017,Ohio State,111.0,14.0,,,,,,,,,,,,,,,,,,,,,,,,,
661,4040629,A.Williams,2017,Ohio State,290.0,57.0,,,,,,,,,,,,,,,,,,,,,,,,,
662,4040640,D.Bradwell,2017,Tulane,42.0,7.0,,,,,,,,,,,,,,,,,,,,,,,,,
663,4040641,J.Brantley,2017,Tulane,60.0,19.0,,,,,,,,,,,,,,,,,,,,,,,,,
664,4040715,J.Hurts,2017,Alabama,823.0,152.0,,,,,,,,,,,,,,,,,,,,,,,,,
665,4040728,T.Ragas,2017,Louisiana,93.0,14.0,,,,,,,,,,,,,,,,,,,,,,,,,
666,4040732,R.Calais,2017,Louisiana,34.0,2.0,,,,,,,,,,,,,,,,,,,,,,,,,
667,4040761,D.Singletary,2017,Florida Atlantic,68.0,17.0,,,,,,,,,,,,,,,,,,,,,,,,,
668,4040790,J.Huntley,2017,New Mexico State,84.0,5.0,,,,,,,,,,,,,,,,,,,,,,,,,
669,4040867,B.Bisharat,2017,Colorado,61.0,21.0,,,,,,,,,,,,,,,,,,,,,,,,,
670,4042112,A.Killins,2017,UCF,46.0,7.0,,,,,,,,,,,,,,,,,,,,,,,,,
671,4042113,M.Milton,2017,UCF,94.0,6.0,,,,,,,,,,,,,,,,,,,,,,,,,
672,4042807,T.Bradford,2017,Oregon State,36.0,1.0,,,,,,,,,,,,,,,,,,,,,,,,,
673,4042808,A.Pierce,2017,Oregon State,358.0,76.0,,,,,,,,,,,,,,,,,,,,,,,,,
674,4043614,A.Anderson,2017,Marshall,20.0,4.0,,,,,,,,,,,,,,,,,,,,,,,,,
675,4043931,K.Riley,2017,Mercer,26.0,7.0,,,,,,,,,,,,,,,,,,,,,,,,,
676,4044088,N.Hopkins,2017,Connecticut,50.0,17.0,,,,,,,,,,,,,,,,,,,,,,,,,
677,4044099,D.Williams,2017,Connecticut,19.0,2.0,7.0,226.0,DEN,RB,24.0,0.0,,,,,,,,,,,,,,,,,,Arkansas,College Stats
678,4044162,D.Birden,2017,Houston,99.0,18.0,,,,,,,,,,,,,,,,,,,,,,,,,
679,4044431,K.Costello,2017,Stanford,99.0,27.0,,,,,,,,,,,,,,,,,,,,,,,,,
680,4044439,D.Maddox,2017,Stanford,37.0,12.0,,,,,,,,,,,,,,,,,,,,,,,,,
681,4044453,T.Speights,2017,Stanford,128.0,33.0,,,,,,,,,,,,,,,,,,,,,,,,,
682,4044511,B.Ally,2017,UMass,71.0,20.0,,,,,,,,,,,,,,,,,,,,,,,,,
683,4045163,M.Sanders,2017,Penn State,173.0,26.0,,,,,,,,,,,,,,,,,,,,,,,,,
684,4045290,P.Ramsey,2017,Indiana,258.0,104.0,,,,,,,,,,,,,,,,,,,,,,,,,
685,4045294,C.Gest,2017,Indiana,436.0,95.0,,,,,,,,,,,,,,,,,,,,,,,,,
686,4045702,B.LeMay,2017,Charlotte,25.0,3.0,,,,,,,,,,,,,,,,,,,,,,,,,
687,4045705,A.McAllister,2017,Charlotte,16.0,6.0,,,,,,,,,,,,,,,,,,,,,,,,,
688,4045724,R.Washington,2017,Charlotte,28.0,7.0,,,,,,,,,,,,,,,,,,,,,,,,,
689,4046530,C.Evans,2017,Michigan,739.0,148.0,,,,,,,,,,,,,,,,,,,,,,,,,
690,4046531,E.McDoom,2017,Michigan,47.0,9.0,,,,,,,,,,,,,,,,,,,,,,,,,
691,4046597,M.McCoy,2017,Kansas State,47.0,8.0,,,,,,,,,,,,,,,,,,,,,,,,,
692,4046676,T.Jones,2017,Notre Dame,145.0,30.0,,,,,,,,,,,,,,,,,,,,,,,,,
693,4046677,D.McIntosh,2017,Notre Dame,321.0,53.0,,,,,,,,,,,,,,,,,,,,,,,,,
694,4046678,I.Book,2017,Notre Dame,133.0,24.0,,,,,,,,,,,,,,,,,,,,,,,,,
695,4046729,K.Freeman,2017,SMU,57.0,12.0,,,,,,,,,,,,,,,,,,,,,,,,,
696,4046740,J.Cleveland,2017,Bowling Green,70.0,20.0,,,,,,,,,,,,,,,,,,,,,,,,,
697,4046826,D.Rencher,2017,Clemson,46.0,12.0,,,,,,,,,,,,,,,,,,,,,,,,,
698,4046981,M.Pettaway,2017,West Virginia,164.0,43.0,,,,,,,,,,,,,,,,,,,,,,,,,
699,4047365,J.Jacobs,2017,Alabama,276.0,43.0,,,,,,,,,,,,,,,,,,,,,,,,,
700,4047491,C.Murray,2017,Montana State,55.0,17.0,,,,,,,,,,,,,,,,,,,,,,,,,
701,4047654,D.Pennamon,2017,Ole Miss,240.0,58.0,,,,,,,,,,,,,,,,,,,,,,,,,
702,4047711,W.Eason,2017,NC State,13.0,2.0,,,,,,,,,,,,,,,,,,,,,,,,,
703,4047769,M.Williams,2017,Louisville,527.0,64.0,,,,,,,,,,,,,,,,,,,,,,,,,
704,4047836,F.Darby,2017,Arizona State,42.0,2.0,,,,,,,,,,,,,,,,,,,,,,,,,
705,4047839,N.Harry,2017,Arizona State,82.0,14.0,,,,,,,,,,,,,,,,,,,,,,,,,
706,4048243,R.Mahone,2017,Boise State,21.0,3.0,,,,,,,,,,,,,,,,,,,,,,,,,
707,4048244,A.Mattison,2017,Boise State,74.0,21.0,,,,,,,,,,,,,,,,,,,,,,,,,
708,4048695,J.Nathan,2017,Utah State,13.0,4.0,,,,,,,,,,,,,,,,,,,,,,,,,
709,4048768,W.Dawn,2017,UTEP,54.0,11.0,,,,,,,,,,,,,,,,,,,,,,,,,
710,4049391,J.Hokit,2017,Fresno State,41.0,7.0,,,,,,,,,,,,,,,,,,,,,,,,,
711,4049442,K.Singleton,2017,Kent State,17.0,7.0,,,,,,,,,,,,,,,,,,,,,,,,,
712,4050370,K.Howard,2017,Southern Mississippi,47.0,20.0,,,,,,,,,,,,,,,,,,,,,,,,,
713,4051100,K.Black,2017,Delaware State,76.0,13.0,,,,,,,,,,,,,,,,,,,,,,,,,
714,4051138,M.Waters,2017,Delaware State,35.0,5.0,,,,,,,,,,,,,,,,,,,,,,,,,
715,4051394,R.Henrilus,2017,Florida A&M,30.0,11.0,,,,,,,,,,,,,,,,,,,,,,,,,
716,4051409,A.Rey,2017,Florida A&M,12.0,4.0,,,,,,,,,,,,,,,,,,,,,,,,,
717,4051412,T.Spells,2017,Florida A&M,11.0,4.0,,,,,,,,,,,,,,,,,,,,,,,,,
718,4051573,C.Fourcade,2017,Nicholls,15.0,9.0,,,,,,,,,,,,,,,,,,,,,,,,,
719,4051579,K.Irvin,2017,Nicholls,62.0,16.0,,,,,,,,,,,,,,,,,,,,,,,,,
720,4051887,B.Pugh,2017,Indiana State,24.0,5.0,,,,,,,,,,,,,,,,,,,,,,,,,
721,4052007,A.James,2017,Coastal Carolina,13.0,10.0,,,,,,,,,,,,,,,,,,,,,,,,,
722,4052008,J.Hairston,2017,Coastal Carolina,45.0,9.0,,,,,,,,,,,,,,,,,,,,,,,,,
723,4052106,T.Isme,2017,Bethune-Cookman,47.0,7.0,,,,,,,,,,,,,,,,,,,,,,,,,
724,4052175,J.Johnson,2017,Jackson State,41.0,13.0,,,,,,,,,,,,,,,,,,,,,,,,,
725,4052187,T.Kennedy,2017,Jackson State,13.0,3.0,,,,,,,,,,,,,,,,,,,,,,,,,
726,4053064,E.Walker,2017,Central Connecticut,22.0,10.0,,,,,,,,,,,,,,,,,,,,,,,,,
727,4053631,S.Gaudion,2017,Hawai'i,19.0,1.0,,,,,,,,,,,,,,,,,,,,,,,,,
728,4053799,P.Hudson,2017,Georgia,15.0,6.0,,,,,,,,,,,,,,,,,,,,,,,,,
729,4056051,E.Owens,2017,UNLV,24.0,8.0,,,,,,,,,,,,,,,,,,,,,,,,,
730,4056052,A.Rogers,2017,UNLV,22.0,12.0,,,,,,,,,,,,,,,,,,,,,,,,,
731,4057659,M.Thompson,2017,Florida,373.0,72.0,,,,,,,,,,,,,,,,,,,,,,,,,
732,4059651,J.Wilson,2017,Oklahoma State,49.0,17.0,,,,,,,,,,,,,,,,,,,,,,,,,
733,4239134,D.Pindell,2017,Connecticut,52.0,19.0,,,,,,,,,,,,,,,,,,,,,,,,,
734,4239768,S.Brown,2017,UAB,17.0,8.0,,,,,,,,,,,,,,,,,,,,,,,,,
735,4239934,A.Dillon,2017,Boston College,1432.0,268.0,,,,,,,,,,,,,,,,,,,,,,,,,
736,4239941,T.Levy,2017,Boston College,54.0,21.0,,,,,,,,,,,,,,,,,,,,,,,,,
737,4239996,T.Etienne,2017,Clemson,785.0,112.0,,,,,,,,,,,,,,,,,,,,,,,,,
738,4240021,C.Akers,2017,Florida State,994.0,205.0,,,,,,,,,,,,,,,,,,,,,,,,,
739,4240355,T.Woods,2017,Wyoming,42.0,11.0,,,,,,,,,,,,,,,,,,,,,,,,,
740,4240392,M.Pierre,2017,Syracuse,89.0,25.0,,,,,,,,,,,,,,,,,,,,,,,,,
741,4240398,C.Elmore,2017,Syracuse,56.0,23.0,,,,,,,,,,,,,,,,,,,,,,,,,
742,4240455,D.Jackson,2017,Duke,111.0,35.0,,,,,,,,,,,,,,,,,,,,,,,,,
743,4240481,J.Howard,2017,Georgia Tech,175.0,23.0,,,,,,,,,,,,,,,,,,,,,,,,,
744,4240534,C.Thomas,2017,Illinois,233.0,52.0,,,,,,,,,,,,,,,,,,,,,,,,,
745,4240540,R.Bonner,2017,Illinois,202.0,67.0,,,,,,,,,,,,,,,,,,,,,,,,,
746,4240543,M.Epstein,2017,Illinois,346.0,57.0,,,,,,,,,,,,,,,,,,,,,,,,,
747,4240573,I.Smith-Marsette,2017,Iowa,48.0,8.0,,,,,,,,,,,,,,,,,,,,,,,,,
748,4240581,I.Kelly-Martin,2017,Iowa,184.0,20.0,,,,,,,,,,,,,,,,,,,,,,,,,
749,4240591,N.Easley,2017,Iowa,11.0,2.0,,,,,,,,,,,,,,,,,,,,,,,,,
750,4240600,K.Toney,2017,Florida,120.0,14.0,,,,,,,,,,,,,,,,,,,,,,,,,
751,4240603,M.Davis,2017,Florida,534.0,80.0,,,,,,,,,,,,,,,,,,,,,,,,,
752,4240604,A.Lemons,2017,Florida,157.0,21.0,,,,,,,,,,,,,,,,,,,,,,,,,
753,4240631,D.Dallas,2017,Miami,148.0,33.0,,,,,,,,,,,,,,,,,,,,,,,,,
754,4240657,M.Carter,2017,North Carolina,652.0,108.0,,,,,,,,,,,,,,,,,,,,,,,,,
755,4240661,D.Newsome,2017,North Carolina,52.0,8.0,,,,,,,,,,,,,,,,,,,,,,,,,
756,4240689,J.Fromm,2017,Georgia,127.0,46.0,,,,,,,,,,,,,,,,,,,,,,,,,
757,4240703,K.Pickett,2017,Pittsburgh,93.0,26.0,,,,,,,,,,,,,,,,,,,,,,,,,
758,4240710,A.Davis,2017,Pittsburgh,40.0,16.0,,,,,,,,,,,,,,,,,,,,,,,,,
759,4240782,A.Rose,2017,Kentucky,32.0,13.0,,,,,,,,,,,,,,,,,,,,,,,,,
760,4240791,J.Bradley,2017,Nebraska,93.0,24.0,,,,,,,,,,,,,,,,,,,,,,,,,
761,4240839,P.Kier,2017,Virginia,32.0,6.0,,,,,,,,,,,,,,,,,,,,,,,,,
762,4240904,K.Mond,2017,Texas A&M,394.0,104.0,,,,,,,,,,,,,,,,,,,,,,,,,
763,4240911,J.Kibodi,2017,Texas A&M,119.0,10.0,,,,,,,,,,,,,,,,,,,,,,,,,
764,4241205,L.Rountree,2017,Missouri,651.0,118.0,,,,,,,,,,,,,,,,,,,,,,,,,
765,4241222,C.Brewer,2017,Baylor,166.0,65.0,,,,,,,,,,,,,,,,,,,,,,,,,
766,4241303,D.Williams,2017,Kansas,176.0,51.0,7.0,226.0,DEN,RB,24.0,0.0,,,,,,,,,,,,,,,,,,Arkansas,College Stats
767,4241401,T.Sermon,2017,Oklahoma,772.0,136.0,,,,,,,,,,,,,,,,,,,,,,,,,
768,4241403,M.Sutton,2017,Oklahoma,130.0,22.0,,,,,,,,,,,,,,,,,,,,,,,,,
769,4241414,J.King,2017,Oklahoma State,501.0,113.0,,,,,,,,,,,,,,,,,,,,,,,,,
770,4241457,N.Harris,2017,Alabama,311.0,58.0,,,,,,,,,,,,,,,,,,,,,,,,,
771,4241474,B.Robinson,2017,Alabama,165.0,24.0,,,,,,,,,,,,,,,,,,,,,,,,,
772,4241479,T.Tagovailoa,2017,Alabama,106.0,15.0,,,,,,,,,,,,,,,,,,,,,,,,,
773,4241556,L.Lewis,2017,Louisiana,11.0,11.0,,,,,,,,,,,,,,,,,,,,,,,,,
774,4241784,S.Robinson,2017,TCU,159.0,23.0,,,,,,,,,,,,,,,,,,,,,,,,,
775,4241802,J.Reagor,2017,TCU,65.0,8.0,,,,,,,,,,,,,,,,,,,,,,,,,
776,4241804,K.Snell,2017,TCU,84.0,24.0,,,,,,,,,,,,,,,,,,,,,,,,,
777,4241820,S.Ehlinger,2017,Texas,378.0,122.0,,,,,,,,,,,,,,,,,,,,,,,,,
778,4241821,T.Carter,2017,Texas,252.0,53.0,,,,,,,,,,,,,,,,,,,,,,,,,
779,4241853,D.Panazzolo,2017,Texas Tech,13.0,1.0,,,,,,,,,,,,,,,,,,,,,,,,,
780,4241868,T.Bush,2017,West Virginia,75.0,21.0,,,,,,,,,,,,,,,,,,,,,,,,,
781,4241937,K.Hill,2017,Maryland,74.0,17.0,,,,,,,,,,,,,,,,,,,,,,,,,
782,4241940,J.Leake,2017,Maryland,99.0,9.0,,,,,,,,,,,,,,,,,,,,,,,,,
783,4241975,H.Rison,2017,Michigan State,11.0,3.0,,,,,,,,,,,,,,,,,,,,,,,,,
784,4241985,J.Dobbins,2017,Ohio State,1436.0,194.0,,,,,,,,,,,,,,,,,,,,,,,,,
785,4242158,C.Hayden,2017,Arkansas,327.0,63.0,,,,,,,,,,,,,,,,,,,,,,,,,
786,4242169,J.Nance,2017,Arkansas,62.0,5.0,,,,,,,,,,,,,,,,,,,,,,,,,
787,4242214,C.Edwards-Helaire,2017,LSU,31.0,9.0,,,,,,,,,,,,,,,,,,,,,,,,,
788,4242243,K.Thompson,2017,Mississippi State,299.0,48.0,,,,,,,,,,,,,,,,,,,,,,,,,
789,4242321,T.Nevens,2017,San JosÃ© State,33.0,11.0,,,,,,,,,,,,,,,,,,,,,,,,,
790,4242335,J.Taylor,2017,Wisconsin,1664.0,244.0,,,,,,,,,,,,,,,,,,,,,,,,,
791,4242380,U.Tolutau,2017,BYU,98.0,26.0,,,,,,,,,,,,,,,,,,,,,,,,,
792,4242385,C.Holmes,2017,Notre Dame,32.0,8.0,,,,,,,,,,,,,,,,,,,,,,,,,
793,4242418,J.Ta'amu,2017,Ole Miss,165.0,57.0,,,,,,,,,,,,,,,,,,,,,,,,,
794,4242431,T.Chandler,2017,Tennessee,312.0,72.0,,,,,,,,,,,,,,,,,,,,,,,,,
795,4242441,W.McBride,2017,Tennessee,70.0,18.0,,,,,,,,,,,,,,,,,,,,,,,,,
796,4242445,T.Jordan,2017,Tennessee,52.0,11.0,,,,,,,,,,,,,,,,,,,,,,,,,
797,4242490,B.Burmeister,2017,Oregon,102.0,64.0,,,,,,,,,,,,,,,,,,,,,,,,,
798,4242491,D.Felix,2017,Oregon,182.0,30.0,,,,,,,,,,,,,,,,,,,,,,,,,
799,4242506,J.Redd,2017,Oregon,57.0,6.0,,,,,,,,,,,,,,,,,,,,,,,,,
800,4242507,D.McNeal,2017,Oregon,21.0,3.0,,,,,,,,,,,,,,,,,,,,,,,,,
801,4242511,D.Barrett,2017,Auburn,82.0,13.0,,,,,,,,,,,,,,,,,,,,,,,,,
802,4242512,M.Willis,2017,Auburn,221.0,16.0,,,,,,,,,,,,,,,,,,,,,,,,,
803,4242516,N.Igbinoghene,2017,Auburn,11.0,1.0,,,,,,,,,,,,,,,,,,,,,,,,,
804,4242545,C.Wedington,2017,Stanford,57.0,3.0,,,,,,,,,,,,,,,,,,,,,,,,,
805,4242873,E.Benjamin,2017,Arizona State,100.0,18.0,,,,,,,,,,,,,,,,,,,,,,,,,
806,4243003,R.Rivers,2017,Fresno State,58.0,19.0,,,,,,,,,,,,,,,,,,,,,,,,,
807,4243004,J.Mims,2017,Fresno State,19.0,8.0,,,,,,,,,,,,,,,,,,,,,,,,,
808,4243168,K.Nixon,2017,Colorado,20.0,3.0,,,,,,,,,,,,,,,,,,,,,,,,,
809,4243315,S.Ahmed,2017,Washington,387.0,61.0,,,,,,,,,,,,,,,,,,,,,,,,,
810,4243485,S.Williams,2017,Old Dominion,44.0,13.0,,,,,,,,,,,,,,,,,,,,,,,,,
811,4243543,O.Anderson,2017,UCF,45.0,2.0,,,,,,,,,,,,,,,,,,,,,,,,,
812,4243546,C.Richardson,2017,UCF,15.0,4.0,,,,,,,,,,,,,,,,,,,,,,,,,
813,4243955,B.Anderson,2017,Middle Tennessee,26.0,6.0,,,,,,,,,,,,,,,,,,,,,,,,,
814,4243962,M.Gordon,2017,Middle Tennessee,26.0,7.0,,,,,,,,,,,,,,,,,,,,,,,,,
815,4244038,A.Clair,2017,Bowling Green,22.0,4.0,,,,,,,,,,,,,,,,,,,,,,,,,
816,4244068,D.Crum,2017,Kent State,62.0,18.0,,,,,,,,,,,,,,,,,,,,,,,,,
817,4244076,K.Gamble,2017,Kent State,66.0,17.0,,,,,,,,,,,,,,,,,,,,,,,,,
818,4244599,S.Brooks,2017,Tulsa,28.0,8.0,,,,,,,,,,,,,,,,,,,,,,,,,
819,4244688,N.Rourke,2017,Ohio,33.0,17.0,,,,,,,,,,,,,,,,,,,,,,,,,
820,4244732,C.Huntley,2017,Ball State,42.0,8.0,,,,,,,,,,,,,,,,,,,,,,,,,
821,4245699,N.Tilford,2017,Arizona,121.0,13.0,,,,,,,,,,,,,,,,,,,,,,,,,
822,4246101,T.Wilson,2017,Charleston Southern,24.0,17.0,,,,,,,,,,,,,,,,,,,,,,,,,
823,4247359,B.Berry,2017,The Citadel,34.0,11.0,,,,,,,,,,,,,,,,,,,,,,,,,
824,4247802,E.Vander,2017,Montana State,23.0,4.0,,,,,,,,,,,,,,,,,,,,,,,,,
825,4247807,T.Andersen,2017,Montana State,33.0,9.0,,,,,,,,,,,,,,,,,,,,,,,,,
826,4248109,K.Spruill,2017,Delaware,16.0,2.0,,,,,,,,,,,,,,,,,,,,,,,,,
827,4248312,M.Mason,2017,Missouri State,23.0,8.0,,,,,,,,,,,,,,,,,,,,,,,,,
828,4248738,T.Devezin,2017,Mercer,12.0,3.0,,,,,,,,,,,,,,,,,,,,,,,,,
829,4248831,J.Eason,2017,Portland State,95.0,11.0,,,,,,,,,,,,,,,,,,,,,,,,,
830,4248839,J.Talley,2017,Portland State,54.0,9.0,,,,,,,,,,,,,,,,,,,,,,,,,
831,4249342,M.Robinson,2017,Presbyterian College,32.0,7.0,,,,,,,,,,,,,,,,,,,,,,,,,
832,4250069,M.Terry,2017,Southeast Missouri State,87.0,23.0,,,,,,,,,,,,,,,,,,,,,,,,,
833,4250144,C.Turner,2017,Youngstown State,32.0,3.0,,,,,,,,,,,,,,,,,,,,,,,,,
834,4250236,L.Wells,2017,Central Arkansas,16.0,2.0,,,,,,,,,,,,,,,,,,,,,,,,,
835,4250772,A.Aldredge,2017,Northern Arizona,13.0,4.0,,,,,,,,,,,,,,,,,,,,,,,,,
836,4250948,L.Galloway,2017,UT Martin,188.0,24.0,,,,,,,,,,,,,,,,,,,,,,,,,
837,4250963,J.Smith,2017,UT Martin,16.0,1.0,,,,,,,,,,,,,,,,,,,,,,,,,
838,4250986,J.Green,2017,Southern Utah,32.0,5.0,,,,,,,,,,,,,,,,,,,,,,,,,
839,4251830,A.Dawson,2017,Central Connecticut,13.0,5.0,,,,,,,,,,,,,,,,,,,,,,,,,
840,4252364,K.Williams,2017,Arizona State,86.0,10.0,,,,,,,,,,,,,,,,,,,,,,,,,
841,4252902,C.Faddoul,2017,Florida A&M,26.0,1.0,,,,,,,,,,,,,,,,,,,,,,,,,
842,4253126,A.Smith,2017,Texas State,11.0,5.0,,,,,,,,,,,,,,,,,,,,,,,,,
843,4255939,D.Packer,2017,San JosÃ© State,50.0,11.0,,,,,,,,,,,,,,,,,,,,,,,,,
844,4255990,C.Tyler,2017,Oregon State,11.0,3.0,,,,,,,,,,,,,,,,,,,,,,,,,
845,4257363,K.Mensah,2017,Connecticut,228.0,38.0,,,,,,,,,,,,,,,,,,,,,,,,,
846,4258195,D.Peoples-Jones,2017,Michigan,62.0,3.0,,,,,,,,,,,,,,,,,,,,,,,,,
847,4258200,O.Samuels,2017,Michigan,13.0,8.0,,,,,,,,,,,,,,,,,,,,,,,,,
848,4258235,W.Philyor,2017,Indiana,15.0,5.0,,,,,,,,,,,,,,,,,,,,,,,,,
849,4258240,M.Ellison,2017,Indiana,751.0,155.0,,,,,,,,,,,,,,,,,,,,,,,,,
850,4259168,D.Dixon,2017,Baylor,57.0,19.0,,,,,,,,,,,,,,,,,,,,,,,,,
851,4259169,T.Ebner,2017,Baylor,121.0,23.0,,,,,,,,,,,,,,,,,,,,,,,,,
852,4259180,J.Lovett,2017,Baylor,466.0,107.0,,,,,,,,,,,,,,,,,,,,,,,,,
853,4259223,E.Allen,2017,Utah State,17.0,15.0,,,,,,,,,,,,,,,,,,,,,,,,,
854,4259302,J.Lewis,2017,Rutgers,111.0,36.0,,,,,,,,,,,,,,,,,,,,,,,,,
855,4259308,R.Blackshear,2017,Rutgers,247.0,42.0,,,,,,,,,,,,,,,,,,,,,,,,,
856,4259348,D.Young,2017,Texas,325.0,69.0,,,,,,,,,,,,,,,,,,,,,,,,,
857,4259356,H.Trotter,2017,Louisville,27.0,4.0,,,,,,,,,,,,,,,,,,,,,,,,,
858,4259359,C.Wilson,2017,Louisville,69.0,6.0,,,,,,,,,,,,,,,,,,,,,,,,,
859,4259376,T.King,2017,Texas Tech,592.0,122.0,,,,,,,,,,,,,,,,,,,,,,,,,
860,4259378,D.Nisby,2017,Texas Tech,319.0,70.0,,,,,,,,,,,,,,,,,,,,,,,,,
861,4259545,D.Swift,2017,Georgia,634.0,77.0,,,,,,,,,,,,,,,,,,,,,,,,,
862,4259633,S.Carr,2017,USC,391.0,72.0,,,,,,,,,,,,,,,,,,,,,,,,,
863,4259805,K.Hill,2017,Mississippi State,357.0,66.0,,,,,,,,,,,,,,,,,,,,,,,,,
864,4259979,L.Bowden,2017,Kentucky,44.0,13.0,,,,,,,,,,,,,,,,,,,,,,,,,
865,4260175,N.West,2017,Delaware State,52.0,18.0,,,,,,,,,,,,,,,,,,,,,,,,,
866,4260206,J.Holston,2017,Virginia Tech,214.0,66.0,,,,,,,,,,,,,,,,,,,,,,,,,
867,4260219,S.Savoy,2017,Virginia Tech,121.0,26.0,,,,,,,,,,,,,,,,,,,,,,,,,
868,4260393,T.Wright,2017,Purdue,61.0,6.0,,,,,,,,,,,,,,,,,,,,,,,,,
869,4260943,J.Ross,2017,Ohio,87.0,16.0,,,,,,,,,,,,,,,,,,,,,,,,,
870,4261056,D.Foster,2017,South Alabama,27.0,4.0,,,,,,,,,,,,,,,,,,,,,,,,,
871,4261225,T.Minter,2017,South Alabama,93.0,19.0,,,,,,,,,,,,,,,,,,,,,,,,,
872,4262831,Q.Brown,2017,Jackson State,14.0,4.0,,,,,,,,,,,,,,,,,,,,,,,,,
873,4273883,S.Williams,2017,Old Dominion,24.0,6.0,,,,,,,,,,,,,,,,,,,,,,,,,
